Workbook

Sheet Dashboard_Squadra
A1: Dashboard Squadra - SG Arese 2025-26
A2: Stagione completa su 18 partite. Statistiche dettagliate disponibili su 16 partite con video.
A4: Partite | C4: Vittorie | E4: Pareggi | G4: Sconfitte
A5: 18 | C5: 13 | E5: 1 | G5: 4
A6: Gol fatti | C6: Gol subiti | E6: Diff. reti | G6: Media GF
A7: 232 | C7: 182 | E7: 50 | G7: 12.888889
A8: Media GS
A9: 10.111111
A11: Split Squadra | I11: Partite senza statistiche
A12: Split | B12: Partite | C12: V | D12: N | E12: P | F12: GF | G12: GS | I12: giornata | J12: data | K12: avversario | L12: casa_trasferta | M12: arese_gol | N12: avversario_gol
A13: Casa | B13: 9 | C13: 6 | D13: 0 | E13: 3 | F13: 112 | G13: 92 | I13: 1 | J13: 2026-01-10 | K13: Project Sport | L13: Casa | M13: 13 | N13: 10
A14: Trasferta | B14: 9 | C14: 7 | D14: 1 | E14: 1 | F14: 120 | G14: 90 | I14: 12 | J14: 2026-03-28 | K14: CN Sestri | L14: Trasferta | M14: 8 | N14: 8
A15: Andata | B15: 9 | C15: 5 | D15: 0 | E15: 4 | F15: 103 | G15: 97
A16: Ritorno | B16: 9 | C16: 8 | D16: 1 | E16: 0 | F16: 129 | G16: 85
A72: Note
A73: Risultati: 18 partite. Statistiche dettagliate: 16 partite. Quarti disponibili solo dove registrati nel foglio partita.
A74: Il confronto con le altre squadre usa tutto il calendario del girone ricostruito dal file HTML.

Sheet _Dashboard_Data
A1: giornata | B1: GF | C1: GS
A2: 1 | B2: 13 | C2: 10
A3: 2 | B3: 14 | C3: 11
A4: 3 | B4: 15 | C4: 10
A5: 4 | B5: 13 | C5: 10
A6: 5 | B6: 11 | C6: 13
A7: 6 | B7: 7 | C7: 13
A8: 7 | B8: 10 | C8: 11
A9: 8 | B9: 12 | C9: 9
A10: 9 | B10: 8 | C10: 10
A11: 10 | B11: 23 | C11: 8
A12: 11 | B12: 16 | C12: 12
A13: 12 | B13: 8 | C13: 8
... A19: 18 | B19: 15 | C19: 8
A22: Split | B22: Partite | C22: V | D22: N | E22: P | F22: GF | G22: GS
A23: Casa | B23: 9 | C23: 6 | D23: 0 | E23: 3 | F23: 112 | G23: 92
A24: Trasferta | B24: 9 | C24: 7 | D24: 1 | E24: 1 | F24: 120 | G24: 90
A25: Andata | B25: 9 | C25: 5 | D25: 0 | E25: 4 | F25: 103 | G25: 97
A26: Ritorno | B26: 9 | C26: 8 | D26: 1 | E26: 0 | F26: 129 | G26: 85
A29: Quarto | B29: GF Arese | C29: GS Arese
A30: Q1 | B30: 36 | C30: 22
A31: Q2 | B31: 36 | C31: 28
A32: Q3 | B32: 41 | C32: 26
A33: Q4 | B33: 37 | C33: 30
A36: Rank | B36: Squadra | C36: Partite | D36: V | E36: N | F36: P | G36: GF | H36: GS | I36: DR | J36: Punti
A37: 1 | B37: Onda Blu Dalmine | C37: 18 | D37: 14 | E37: 1 | F37: 3 | G37: 266 | H37: 163 | I37: 103 | J37: 43
A38: 2 | B38: Bocconi Sport Team | C38: 18 | D38: 13 | E38: 2 | F38: 3 | G38: 251 | H38: 200 | I38: 51 | J38: 41
A39: 3 | B39: SG Sport Arese | C39: 18 | D39: 13 | E39: 1 | F39: 4 | G39: 232 | H39: 182 | I39: 50 | J39: 40
A40: 4 | B40: Busto PN | C40: 18 | D40: 11 | E40: 1 | F40: 6 | G40: 240 | H40: 206 | I40: 34 | J40: 34
A41: 5 | B41: WP Novara | C41: 18 | D41: 10 | E41: 1 | F41: 7 | G41: 209 | H41: 205 | I41: 4 | J41: 31
A42: 6 | B42: SG Andrea Doria | C42: 18 | D42: 8 | E42: 3 | F42: 7 | G42: 233 | H42: 205 | I42: 28 | J42: 27
A43: 7 | B43: PN Como | C43: 18 | D43: 4 | E43: 2 | F43: 12 | G43: 203 | H43: 245 | I43: -42 | J43: 14
A44: 8 | B44: CN Sestri | C44: 18 | D44: 4 | E44: 2 | F44: 12 | G44: 161 | H44: 214 | I44: -53 | J44: 14
A45: 9 | B45: PN Milano 1 | C45: 18 | D45: 4 | E45: 1 | F45: 13 | G45: 199 | H45: 275 | I45: -76 | J45: 13
A46: 10 | B46: Project Sport | C46: 18 | D46: 2 | E46: 0 | F46: 16 | G46: 190 | H46: 289 | I46: -99 | J46: 6
A49: giornata | B49: Bocconi Sport Team | C49: Busto PN | D49: Onda Blu Dalmine | E49: SG Sport Arese | F49: WP Novara
A50: 1 | B50: 0 | C50: 3 | D50: 3 | E50: 3 | F50: 3
A51: 2 | B51: 3 | C51: 6 | D51: 6 | E51: 6 | F51: 6
A52: 3 | B52: 4 | C52: 6 | D52: 9 | E52: 9 | F52: 9
A53: 4 | B53: 4 | C53: 6 | D53: 12 | E53: 12 | F53: 12
A54: 5 | B54: 7 | C54: 9 | D54: 15 | E54: 12 | F54: 12
A55: 6 | B55: 10 | C55: 12 | D55: 18 | E55: 12 | F55: 15
A56: 7 | B56: 13 | C56: 15 | D56: 21 | E56: 12 | F56: 15
A57: 8 | B57: 16 | C57: 18 | D57: 24 | E57: 15 | F57: 15
A58: 9 | B58: 17 | C58: 21 | D58: 25 | E58: 15 | F58: 18
A59: 10 | B59: 20 | C59: 21 | D59: 28 | E59: 18 | F59: 18
A60: 11 | B60: 23 | C60: 24 | D60: 28 | E60: 21 | F60: 21
A61: 12 | B61: 26 | C61: 24 | D61: 31 | E61: 22 | F61: 24
... A67: 18 | B67: 41 | C67: 34 | D67: 43 | E67: 40 | F67: 31

Sheet Dashboard_Giocatori
A1: Dashboard Giocatori - SG Arese 2025-26
A2: Lettura rapida delle performance individuali: ranking offensivi, valutazione, ruoli, mano e jolly.
A4: Top Marcatori | F4: Top Assist | J4: Top % Tiro
A5: giocatore | B5: gol_tot | F5: giocatore | G5: assist_tot | J5: giocatore | K5: pct_tiri_media | L5: pct_tiri_stagionale | M5: tiri_tot
A6: ZENO | B6: 57 | F6: CRIVE L. | G6: 20 | J6: ZENO | K6: 0.500387 | L6: 0.483051 | M6: 118
A7: BOBBY | B7: 36 | F7: BOBBY | G7: 19 | J7: STERI | K7: 0.458333 | L7: 0.575758 | M7: 33
A8: CRIVE A. | B8: 22 | F8: BIGA | G8: 17 | J8: BOBBY | K8: 0.401337 | L8: 0.423529 | M8: 85
A9: STERI | B9: 19 | F9: BOBBOX | G9: 14 | J9: BIGA | K9: 0.391026 | L9: 0.484848 | M9: 33
A10: BIGA | B10: 16 | F10: SOLDI | G10: 14 | J10: CRIVE A. | K10: 0.382143 | L10: 0.431373 | M10: 51
A11: GULLO | B11: 16 | F11: NOA | G11: 12 | J11: DONATO | K11: 0.373299 | L11: 0.375 | M11: 40
A12: DONATO | B12: 15 | F12: CRIVE A. | G12: 11 | J12: POPOVIC | K12: 0.358974 | L12: 0.407407 | M12: 27
A13: POPOVIC | B13: 11 | F13: DONATO | G13: 7 | J13: GULLO | K13: 0.351361 | L13: 0.347826 | M13: 46
A16: Ruoli Base | H16: Mano | L16: Jolly
A17: Ruolo | B17: Giocatori | C17: Gol | D17: Assist | E17: Indice_Valutazione | F17: Valutazione_Grezza | H17: Mano | I17: Giocatori | J17: Gol | K17: Assist | L17: Jolly | M17: Giocatori | N17: Gol | O17: Assist | P17: Indice_Valutazione | Q17: Valutazione_Grezza
A18: 1-2 - mano-cattiva | B18: 5 | C18: 30 | D18: 54 | E18: 24.82 | F18: 297.5 | H18: D | I18: 15 | J18: 196 | K18: 130 | L18: SI | M18: 4 | N18: 90 | O18: 54 | P18: 65.49 | Q18: 693.5
A19: 3 - marcatore del centro | B19: 3 | C19: 19 | D19: 22 | E19: 17.38 | F19: 116 | H19: S | I19: 1 | J19: 15 | K19: 7 | L19: NO | M19: 12 | N19: 121 | O19: 83 | P19: 27.0375 | Q19: 788.5
A20: 4-5 - mano-buona | B20: 5 | C20: 120 | D20: 46 | E20: 53.536 | F20: 699.5
A21: 6 - centroboa | B21: 3 | C21: 42 | D21: 15 | E21: 47.496667 | F21: 369
A25: Top Valutazione
A26: giocatore | B26: indice_valutazione_0_100 | C26: valutazione_grezza_totale
A27: BOBBY | B27: 100 | C27: 270
A28: ZENO | B28: 98.39 | C28: 265.5
A29: CRIVE A. | B29: 73.21 | C29: 195
A30: STERI | B30: 62.32 | C30: 164.5
A31: BIGA | B31: 45.36 | C31: 117
A32: DONATO | B32: 45.18 | C32: 116.5
A33: GULLO | B33: 43.39 | C33: 111.5
A34: NOA | B34: 33.39 | C34: 83.5
A68: Note
A69: Le metriche di efficienza e media sono da leggere con soglia minima consigliata di 3 partite nel foglio statistico.
A70: La dashboard giocatori e' costruita sulle 16 partite con statistiche video disponibili.

Sheet _Dashboard_Giocatori_Data
A1: giocatore | B1: gol_tot
A2: ZENO | B2: 57
A3: BOBBY | B3: 36
A4: CRIVE A. | B4: 22
A5: STERI | B5: 19
A6: BIGA | B6: 16
A7: GULLO | B7: 16
A8: DONATO | B8: 15
A9: POPOVIC | B9: 11
A12: giocatore | B12: assist_tot
A13: CRIVE L. | B13: 20
A14: BOBBY | B14: 19
A15: BIGA | B15: 17
A16: BOBBOX | B16: 14
A17: SOLDI | B17: 14
A18: NOA | B18: 12
A19: CRIVE A. | B19: 11
A20: DONATO | B20: 7
A23: giocatore | B23: indice_valutazione_0_100 | C23: valutazione_grezza_totale
A24: BOBBY | B24: 100 | C24: 270
A25: ZENO | B25: 98.39 | C25: 265.5
A26: CRIVE A. | B26: 73.21 | C26: 195
A27: STERI | B27: 62.32 | C27: 164.5
A28: BIGA | B28: 45.36 | C28: 117
A29: DONATO | B29: 45.18 | C29: 116.5
A30: GULLO | B30: 43.39 | C30: 111.5
A31: NOA | B31: 33.39 | C31: 83.5
A34: Ruolo | B34: Giocatori | C34: Gol | D34: Assist | E34: Indice_Valutazione | F34: Valutazione_Grezza
A35: 1-2 - mano-cattiva | B35: 5 | C35: 30 | D35: 54 | E35: 24.82 | F35: 297.5
A36: 3 - marcatore del centro | B36: 3 | C36: 19 | D36: 22 | E36: 17.38 | F36: 116
A37: 4-5 - mano-buona | B37: 5 | C37: 120 | D37: 46 | E37: 53.536 | F37: 699.5
A38: 6 - centroboa | B38: 3 | C38: 42 | D38: 15 | E38: 47.496667 | F38: 369
A41: Mano | B41: Giocatori | C41: Gol | D41: Assist | E41: Indice_Valutazione | F41: Valutazione_Grezza
A42: D | B42: 15 | C42: 196 | D42: 130 | E42: 36.082 | F42: 1365.5
A43: S | B43: 1 | C43: 15 | D43: 7 | E43: 45.18 | F43: 116.5
A46: Jolly | B46: Giocatori | C46: Gol | D46: Assist | E46: Indice_Valutazione | F46: Valutazione_Grezza
A47: SI | B47: 4 | C47: 90 | D47: 54 | E47: 65.49 | F47: 693.5
A48: NO | B48: 12 | C48: 121 | D48: 83 | E48: 27.0375 | F48: 788.5
A51: giocatore | B51: pct_tiri_media | C51: pct_tiri_stagionale | D51: tiri_tot
A52: ZENO | B52: 0.500387 | C52: 0.483051 | D52: 118
A53: STERI | B53: 0.458333 | C53: 0.575758 | D53: 33
A54: BOBBY | B54: 0.401337 | C54: 0.423529 | D54: 85
A55: BIGA | B55: 0.391026 | C55: 0.484848 | D55: 33
A56: CRIVE A. | B56: 0.382143 | C56: 0.431373 | D56: 51
A57: DONATO | B57: 0.373299 | C57: 0.375 | D57: 40
A58: POPOVIC | B58: 0.358974 | C58: 0.407407 | D58: 27
A59: GULLO | B59: 0.351361 | C59: 0.347826 | D59: 46

Sheet Dashboard_Portieri
A1: Dashboard Portieri - SG Arese 2025-26
A2: Focus dedicato ai portieri: volume parate, efficienza, gol subiti e valutazione sul campione video disponibile.
A4: Panoramica Portieri
A5: Portiere | B5: Mano | C5: Partite | D5: Partite giocate stimate | E5: Parate | F5: Gol subiti | G5: % parate media | H5: Valutazione grezza totale | I5: Valutazione grezza media | J5: Indice 0-100
A6: FRANCHI | B6: D | C6: 3 | D6: 2 | E6: 4 | F6: 5 | G6: 0.45 | H6: 3 | I6: 1.5 | J6: 100
A7: LUCA BOLO | B7: D | C7: 14 | D7: 9 | E7: 54 | F7: 73 | G7: 0.372448 | H7: -47.9 | I7: -5.322222 | J7: 0
A8: SANTA | B8: S | C8: 16 | D8: 12 | E8: 82 | F8: 86 | G8: 0.43914 | H8: -6 | I8: -0.5 | J8: 82.32
A12: Parate Totali | E12: % Parate | I12: Gol Subiti
A13: giocatore | B13: parata_tot | E13: giocatore | F13: pct_parate_media | G13: partite_giocate_stimate | I13: giocatore | J13: gol_subito_tot | K13: partite_giocate_stimate
A14: SANTA | B14: 82 | E14: FRANCHI | F14: 0.45 | G14: 2 | I14: FRANCHI | J14: 5 | K14: 2
A15: LUCA BOLO | B15: 54 | E15: SANTA | F15: 0.43914 | G15: 12 | I15: LUCA BOLO | J15: 73 | K15: 9
A16: FRANCHI | B16: 4 | E16: LUCA BOLO | F16: 0.372448 | G16: 9 | I16: SANTA | J16: 86 | K16: 12
A19: Valutazione
A20: giocatore | B20: indice_valutazione_0_100 | C20: valutazione_grezza_totale | D20: valutazione_grezza_media
A21: FRANCHI | B21: 100 | C21: 3 | D21: 1.5
A22: SANTA | B22: 82.32 | C22: -6 | D22: -0.5
A23: LUCA BOLO | B23: 0 | C23: -47.9 | D23: -5.322222
A62: Note
A63: Per i portieri, una partita e' considerata giocata se ha almeno una tra parata > 0 o gol_subito > 0.
A64: Le medie principali dei portieri usano le partite_giocate_stimate; la % parate media usa solo le righe con partita giocata stimata.

Sheet _Dashboard_Portieri_Data
A1: Portiere | B1: Mano | C1: Partite | D1: Partite giocate stimate | E1: Parate | F1: Gol subiti | G1: % parate media | H1: Valutazione grezza totale | I1: Valutazione grezza media | J1: Indice 0-100
A2: FRANCHI | B2: D | C2: 3 | D2: 2 | E2: 4 | F2: 5 | G2: 0.45 | H2: 3 | I2: 1.5 | J2: 100
A3: LUCA BOLO | B3: D | C3: 14 | D3: 9 | E3: 54 | F3: 73 | G3: 0.372448 | H3: -47.9 | I3: -5.322222 | J3: 0
A4: SANTA | B4: S | C4: 16 | D4: 12 | E4: 82 | F4: 86 | G4: 0.43914 | H4: -6 | I4: -0.5 | J4: 82.32
A7: giocatore | B7: parata_tot
A8: SANTA | B8: 82
A9: LUCA BOLO | B9: 54
A10: FRANCHI | B10: 4
A13: giocatore | B13: pct_parate_media | C13: partite_giocate_stimate
A14: FRANCHI | B14: 0.45 | C14: 2
A15: SANTA | B15: 0.43914 | C15: 12
A16: LUCA BOLO | B16: 0.372448 | C16: 9
A19: giocatore | B19: gol_subito_tot | C19: partite_giocate_stimate
A20: FRANCHI | B20: 5 | C20: 2
A21: LUCA BOLO | B21: 73 | C21: 9
A22: SANTA | B22: 86 | C22: 12
A25: giocatore | B25: indice_valutazione_0_100 | C25: valutazione_grezza_totale | D25: valutazione_grezza_media
A26: FRANCHI | B26: 100 | C26: 3 | D26: 1.5
A27: SANTA | B27: 82.32 | C27: -6 | D27: -0.5
A28: LUCA BOLO | B28: 0 | C28: -47.9 | D28: -5.322222

Sheet Confronto_Giocatori
A1: Confronto Giocatori - SG Arese 2025-26
A2: Seleziona uno o due giocatori per confrontare statistiche aggregate e dettaglio partita-per-partita.
A4: Giocatori di Movimento
A5: Giocatore A | B5: BIGA | C5: Giocatore B | D5: BOBBOX
A8: Metrica | B8: Giocatore A | C8: Giocatore B | D8: Delta A-B | F8: Confronto offensivo
A9: Ruolo | B9: {=IF($B$5="","",_xlfn.XLOOKUP($B$5,'_Confronto_Data'!$F$2:$F$17,'_Confronto_Data'!$L$2:$L$17,""))} -> 0 | C9: {=IF($D$5="","",_xlfn.XLOOKUP($D$5,'_Confronto_Data'!$F$2:$F$17,'_Confronto_Data'!$L$2:$L$17,""))} -> 0 | F9: Metrica | G9: A | H9: B
A10: Mano | B10: {=IF($B$5="","",_xlfn.XLOOKUP($B$5,'_Confronto_Data'!$F$2:$F$17,'_Confronto_Data'!$J$2:$J$17,""))} -> 0 | C10: {=IF($D$5="","",_xlfn.XLOOKUP($D$5,'_Confronto_Data'!$F$2:$F$17,'_Confronto_Data'!$J$2:$J$17,""))} -> 0 | F10: Gol | G10: =B13 -> 0 | H10: =C13 -> 0
A11: Jolly | B11: {=IF($B$5="","",_xlfn.XLOOKUP($B$5,'_Confronto_Data'!$F$2:$F$17,'_Confronto_Data'!$M$2:$M$17,""))} -> 0 | C11: {=IF($D$5="","",_xlfn.XLOOKUP($D$5,'_Confronto_Data'!$F$2:$F$17,'_Confronto_Data'!$M$2:$M$17,""))} -> 0 | F11: Assist | G11: =B15 -> 0 | H11: =C15 -> 0
A12: Partite | B12: {=IF($B$5="","",_xlfn.XLOOKUP($B$5,'_Confronto_Data'!$F$2:$F$17,'_Confronto_Data'!$P$2:$P$17,""))} -> 0 | C12: {=IF($D$5="","",_xlfn.XLOOKUP($D$5,'_Confronto_Data'!$F$2:$F$17,'_Confronto_Data'!$P$2:$P$17,""))} -> 0 | D12: =IF(OR(B12="",C12=""),"",B12-C12) -> 0 | F12: Tiri | G12: =B17 -> 0 | H12: =C17 -> 0
A13: Gol | B13: {=IF($B$5="","",_xlfn.XLOOKUP($B$5,'_Confronto_Data'!$F$2:$F$17,'_Confronto_Data'!$R$2:$R$17,""))} -> 0 | C13: {=IF($D$5="","",_xlfn.XLOOKUP($D$5,'_Confronto_Data'!$F$2:$F$17,'_Confronto_Data'!$R$2:$R$17,""))} -> 0 | D13: =IF(OR(B13="",C13=""),"",B13-C13) -> 0
A14: Gol/partita | B14: {=IF($B$5="","",_xlfn.XLOOKUP($B$5,'_Confronto_Data'!$F$2:$F$17,'_Confronto_Data'!$S$2:$S$17,""))} -> 0 | C14: {=IF($D$5="","",_xlfn.XLOOKUP($D$5,'_Confronto_Data'!$F$2:$F$17,'_Confronto_Data'!$S$2:$S$17,""))} -> 0 | D14: =IF(OR(B14="",C14=""),"",B14-C14) -> 0
A15: Assist | B15: {=IF($B$5="","",_xlfn.XLOOKUP($B$5,'_Confronto_Data'!$F$2:$F$17,'_Confronto_Data'!$T$2:$T$17,""))} -> 0 | C15: {=IF($D$5="","",_xlfn.XLOOKUP($D$5,'_Confronto_Data'!$F$2:$F$17,'_Confronto_Data'!$T$2:$T$17,""))} -> 0 | D15: =IF(OR(B15="",C15=""),"",B15-C15) -> 0
A16: Assist/partita | B16: {=IF($B$5="","",_xlfn.XLOOKUP($B$5,'_Confronto_Data'!$F$2:$F$17,'_Confronto_Data'!$U$2:$U$17,""))} -> 0 | C16: {=IF($D$5="","",_xlfn.XLOOKUP($D$5,'_Confronto_Data'!$F$2:$F$17,'_Confronto_Data'!$U$2:$U$17,""))} -> 0 | D16: =IF(OR(B16="",C16=""),"",B16-C16) -> 0
A17: Tiri | B17: {=IF($B$5="","",_xlfn.XLOOKUP($B$5,'_Confronto_Data'!$F$2:$F$17,'_Confronto_Data'!$V$2:$V$17,""))} -> 0 | C17: {=IF($D$5="","",_xlfn.XLOOKUP($D$5,'_Confronto_Data'!$F$2:$F$17,'_Confronto_Data'!$V$2:$V$17,""))} -> 0 | D17: =IF(OR(B17="",C17=""),"",B17-C17) -> 0
A18: % tiro media | B18: {=IF($B$5="","",_xlfn.XLOOKUP($B$5,'_Confronto_Data'!$F$2:$F$17,'_Confronto_Data'!$AS$2:$AS$17,""))} -> 0 | C18: {=IF($D$5="","",_xlfn.XLOOKUP($D$5,'_Confronto_Data'!$F$2:$F$17,'_Confronto_Data'!$AS$2:$AS$17,""))} -> 0 | D18: =IF(OR(B18="",C18=""),"",B18-C18) -> 0
A19: % tiro stagionale | B19: {=IF($B$5="","",_xlfn.XLOOKUP($B$5,'_Confronto_Data'!$F$2:$F$17,'_Confronto_Data'!$AT$2:$AT$17,""))} -> 0 | C19: {=IF($D$5="","",_xlfn.XLOOKUP($D$5,'_Confronto_Data'!$F$2:$F$17,'_Confronto_Data'!$AT$2:$AT$17,""))} -> 0 | D19: =IF(OR(B19="",C19=""),"",B19-C19) -> 0
A20: Palle rubate | B20: {=IF($B$5="","",_xlfn.XLOOKUP($B$5,'_Confronto_Data'!$F$2:$F$17,'_Confronto_Data'!$X$2:$X$17,""))} -> 0 | C20: {=IF($D$5="","",_xlfn.XLOOKUP($D$5,'_Confronto_Data'!$F$2:$F$17,'_Confronto_Data'!$X$2:$X$17,""))} -> 0 | D20: =IF(OR(B20="",C20=""),"",B20-C20) -> 0
A21: Palle perse | B21: {=IF($B$5="","",_xlfn.XLOOKUP($B$5,'_Confronto_Data'!$F$2:$F$17,'_Confronto_Data'!$AJ$2:$AJ$17,""))} -> 0 | C21: {=IF($D$5="","",_xlfn.XLOOKUP($D$5,'_Confronto_Data'!$F$2:$F$17,'_Confronto_Data'!$AJ$2:$AJ$17,""))} -> 0 | D21: =IF(OR(B21="",C21=""),"",B21-C21) -> 0
A22: ET+ | B22: {=IF($B$5="","",_xlfn.XLOOKUP($B$5,'_Confronto_Data'!$F$2:$F$17,'_Confronto_Data'!$Z$2:$Z$17,""))} -> 0 | C22: {=IF($D$5="","",_xlfn.XLOOKUP($D$5,'_Confronto_Data'!$F$2:$F$17,'_Confronto_Data'!$Z$2:$Z$17,""))} -> 0 | D22: =IF(OR(B22="",C22=""),"",B22-C22) -> 0
A23: ET- | B23: {=IF($B$5="","",_xlfn.XLOOKUP($B$5,'_Confronto_Data'!$F$2:$F$17,'_Confronto_Data'!$AF$2:$AF$17,""))} -> 0 | C23: {=IF($D$5="","",_xlfn.XLOOKUP($D$5,'_Confronto_Data'!$F$2:$F$17,'_Confronto_Data'!$AF$2:$AF$17,""))} -> 0 | D23: =IF(OR(B23="",C23=""),"",B23-C23) -> 0
A24: TR+ | B24: {=IF($B$5="","",_xlfn.XLOOKUP($B$5,'_Confronto_Data'!$F$2:$F$17,'_Confronto_Data'!$AB$2:$AB$17,""))} -> 0 | C24: {=IF($D$5="","",_xlfn.XLOOKUP($D$5,'_Confronto_Data'!$F$2:$F$17,'_Confronto_Data'!$AB$2:$AB$17,""))} -> 0 | D24: =IF(OR(B24="",C24=""),"",B24-C24) -> 0
A25: TR- | B25: {=IF($B$5="","",_xlfn.XLOOKUP($B$5,'_Confronto_Data'!$F$2:$F$17,'_Confronto_Data'!$AH$2:$AH$17,""))} -> 0 | C25: {=IF($D$5="","",_xlfn.XLOOKUP($D$5,'_Confronto_Data'!$F$2:$F$17,'_Confronto_Data'!$AH$2:$AH$17,""))} -> 0 | D25: =IF(OR(B25="",C25=""),"",B25-C25) -> 0
A26: Controfalli | B26: {=IF($B$5="","",_xlfn.XLOOKUP($B$5,'_Confronto_Data'!$F$2:$F$17,'_Confronto_Data'!$AN$2:$AN$17,""))} -> 0 | C26: {=IF($D$5="","",_xlfn.XLOOKUP($D$5,'_Confronto_Data'!$F$2:$F$17,'_Confronto_Data'!$AN$2:$AN$17,""))} -> 0 | D26: =IF(OR(B26="",C26=""),"",B26-C26) -> 0
A27: Errori | B27: {=IF($B$5="","",_xlfn.XLOOKUP($B$5,'_Confronto_Data'!$F$2:$F$17,'_Confronto_Data'!$AP$2:$AP$17,""))} -> 0 | C27: {=IF($D$5="","",_xlfn.XLOOKUP($D$5,'_Confronto_Data'!$F$2:$F$17,'_Confronto_Data'!$AP$2:$AP$17,""))} -> 0 | D27: =IF(OR(B27="",C27=""),"",B27-C27) -> 0
A28: Val. grezza tot | B28: {=IF($B$5="","",_xlfn.XLOOKUP($B$5,'_Confronto_Data'!$F$2:$F$17,'_Confronto_Data'!$AW$2:$AW$17,""))} -> 0 | C28: {=IF($D$5="","",_xlfn.XLOOKUP($D$5,'_Confronto_Data'!$F$2:$F$17,'_Confronto_Data'!$AW$2:$AW$17,""))} -> 0 | D28: =IF(OR(B28="",C28=""),"",B28-C28) -> 0
A29: Val. grezza media | B29: {=IF($B$5="","",_xlfn.XLOOKUP($B$5,'_Confronto_Data'!$F$2:$F$17,'_Confronto_Data'!$AY$2:$AY$17,""))} -> 0 | C29: {=IF($D$5="","",_xlfn.XLOOKUP($D$5,'_Confronto_Data'!$F$2:$F$17,'_Confronto_Data'!$AY$2:$AY$17,""))} -> 0 | D29: =IF(OR(B29="",C29=""),"",B29-C29) -> 0
A30: Indice 0-100 | B30: {=IF($B$5="","",_xlfn.XLOOKUP($B$5,'_Confronto_Data'!$F$2:$F$17,'_Confronto_Data'!$AZ$2:$AZ$17,""))} -> 0 | C30: {=IF($D$5="","",_xlfn.XLOOKUP($D$5,'_Confronto_Data'!$F$2:$F$17,'_Confronto_Data'!$AZ$2:$AZ$17,""))} -> 0 | D30: =IF(OR(B30="",C30=""),"",B30-C30) -> 0
A31: Dettaglio movimento partita-per-partita
A32: G | B32: Data | C32: Avversario | D32: Casa/Trasf | E32: A Gol | F32: A Ast | G32: A Tiri | H32: A Val | I32: B Gol | J32: B Ast | K32: B Tiri | L32: B Val
A33: 1 | B33: {=_xlfn.XLOOKUP(A33,'_Confronto_Data'!$FO$2:$FO$19,'_Confronto_Data'!$FP$2:$FP$19,"")} -> 0 | C33: {=_xlfn.XLOOKUP(A33,'_Confronto_Data'!$FO$2:$FO$19,'_Confronto_Data'!$FQ$2:$FQ$19,"")} -> 0 | D33: {=_xlfn.XLOOKUP(A33,'_Confronto_Data'!$FO$2:$FO$19,'_Confronto_Data'!$FR$2:$FR$19,"")} -> 0 | E33: =IF($B$5="","",SUMIFS('_Confronto_Data'!$DQ$2:$DQ$195,'_Confronto_Data'!$DL$2:$DL$195,$B$5,'_Confronto_Data'!$DM$2:$DM$195,$A33)) -> 0 | F33: =IF($B$5="","",SUMIFS('_Confronto_Data'!$DR$2:$DR$195,'_Confronto_Data'!$DL$2:$DL$195,$B$5,'_Confronto_Data'!$DM$2:$DM$195,$A33)) -> 0 | G33: =IF($B$5="","",SUMIFS('_Confronto_Data'!$DS$2:$DS$195,'_Confronto_Data'!$DL$2:$DL$195,$B$5,'_Confronto_Data'!$DM$2:$DM$195,$A33)) -> 0 | H33: =IF($B$5="","",SUMIFS('_Confronto_Data'!$EC$2:$EC$195,'_Confronto_Data'!$DL$2:$DL$195,$B$5,'_Confronto_Data'!$DM$2:$DM$195,$A33)) -> 0 | I33: =IF($D$5="","",SUMIFS('_Confronto_Data'!$DQ$2:$DQ$195,'_Confronto_Data'!$DL$2:$DL$195,$D$5,'_Confronto_Data'!$DM$2:$DM$195,$A33)) -> 0 | J33: =IF($D$5="","",SUMIFS('_Confronto_Data'!$DR$2:$DR$195,'_Confronto_Data'!$DL$2:$DL$195,$D$5,'_Confronto_Data'!$DM$2:$DM$195,$A33)) -> 0 | K33: =IF($D$5="","",SUMIFS('_Confronto_Data'!$DS$2:$DS$195,'_Confronto_Data'!$DL$2:$DL$195,$D$5,'_Confronto_Data'!$DM$2:$DM$195,$A33)) -> 0 | L33: =IF($D$5="","",SUMIFS('_Confronto_Data'!$EC$2:$EC$195,'_Confronto_Data'!$DL$2:$DL$195,$D$5,'_Confronto_Data'!$DM$2:$DM$195,$A33)) -> 0
A34: 2 | B34: {=_xlfn.XLOOKUP(A34,'_Confronto_Data'!$FO$2:$FO$19,'_Confronto_Data'!$FP$2:$FP$19,"")} -> 0 | C34: {=_xlfn.XLOOKUP(A34,'_Confronto_Data'!$FO$2:$FO$19,'_Confronto_Data'!$FQ$2:$FQ$19,"")} -> 0 | D34: {=_xlfn.XLOOKUP(A34,'_Confronto_Data'!$FO$2:$FO$19,'_Confronto_Data'!$FR$2:$FR$19,"")} -> 0 | E34: =IF($B$5="","",SUMIFS('_Confronto_Data'!$DQ$2:$DQ$195,'_Confronto_Data'!$DL$2:$DL$195,$B$5,'_Confronto_Data'!$DM$2:$DM$195,$A34)) -> 0 | F34: =IF($B$5="","",SUMIFS('_Confronto_Data'!$DR$2:$DR$195,'_Confronto_Data'!$DL$2:$DL$195,$B$5,'_Confronto_Data'!$DM$2:$DM$195,$A34)) -> 0 | G34: =IF($B$5="","",SUMIFS('_Confronto_Data'!$DS$2:$DS$195,'_Confronto_Data'!$DL$2:$DL$195,$B$5,'_Confronto_Data'!$DM$2:$DM$195,$A34)) -> 0 | H34: =IF($B$5="","",SUMIFS('_Confronto_Data'!$EC$2:$EC$195,'_Confronto_Data'!$DL$2:$DL$195,$B$5,'_Confronto_Data'!$DM$2:$DM$195,$A34)) -> 0 | I34: =IF($D$5="","",SUMIFS('_Confronto_Data'!$DQ$2:$DQ$195,'_Confronto_Data'!$DL$2:$DL$195,$D$5,'_Confronto_Data'!$DM$2:$DM$195,$A34)) -> 0 | J34: =IF($D$5="","",SUMIFS('_Confronto_Data'!$DR$2:$DR$195,'_Confronto_Data'!$DL$2:$DL$195,$D$5,'_Confronto_Data'!$DM$2:$DM$195,$A34)) -> 0 | K34: =IF($D$5="","",SUMIFS('_Confronto_Data'!$DS$2:$DS$195,'_Confronto_Data'!$DL$2:$DL$195,$D$5,'_Confronto_Data'!$DM$2:$DM$195,$A34)) -> 0 | L34: =IF($D$5="","",SUMIFS('_Confronto_Data'!$EC$2:$EC$195,'_Confronto_Data'!$DL$2:$DL$195,$D$5,'_Confronto_Data'!$DM$2:$DM$195,$A34)) -> 0
A35: 3 | B35: {=_xlfn.XLOOKUP(A35,'_Confronto_Data'!$FO$2:$FO$19,'_Confronto_Data'!$FP$2:$FP$19,"")} -> 0 | C35: {=_xlfn.XLOOKUP(A35,'_Confronto_Data'!$FO$2:$FO$19,'_Confronto_Data'!$FQ$2:$FQ$19,"")} -> 0 | D35: {=_xlfn.XLOOKUP(A35,'_Confronto_Data'!$FO$2:$FO$19,'_Confronto_Data'!$FR$2:$FR$19,"")} -> 0 | E35: =IF($B$5="","",SUMIFS('_Confronto_Data'!$DQ$2:$DQ$195,'_Confronto_Data'!$DL$2:$DL$195,$B$5,'_Confronto_Data'!$DM$2:$DM$195,$A35)) -> 0 | F35: =IF($B$5="","",SUMIFS('_Confronto_Data'!$DR$2:$DR$195,'_Confronto_Data'!$DL$2:$DL$195,$B$5,'_Confronto_Data'!$DM$2:$DM$195,$A35)) -> 0 | G35: =IF($B$5="","",SUMIFS('_Confronto_Data'!$DS$2:$DS$195,'_Confronto_Data'!$DL$2:$DL$195,$B$5,'_Confronto_Data'!$DM$2:$DM$195,$A35)) -> 0 | H35: =IF($B$5="","",SUMIFS('_Confronto_Data'!$EC$2:$EC$195,'_Confronto_Data'!$DL$2:$DL$195,$B$5,'_Confronto_Data'!$DM$2:$DM$195,$A35)) -> 0 | I35: =IF($D$5="","",SUMIFS('_Confronto_Data'!$DQ$2:$DQ$195,'_Confronto_Data'!$DL$2:$DL$195,$D$5,'_Confronto_Data'!$DM$2:$DM$195,$A35)) -> 0 | J35: =IF($D$5="","",SUMIFS('_Confronto_Data'!$DR$2:$DR$195,'_Confronto_Data'!$DL$2:$DL$195,$D$5,'_Confronto_Data'!$DM$2:$DM$195,$A35)) -> 0 | K35: =IF($D$5="","",SUMIFS('_Confronto_Data'!$DS$2:$DS$195,'_Confronto_Data'!$DL$2:$DL$195,$D$5,'_Confronto_Data'!$DM$2:$DM$195,$A35)) -> 0 | L35: =IF($D$5="","",SUMIFS('_Confronto_Data'!$EC$2:$EC$195,'_Confronto_Data'!$DL$2:$DL$195,$D$5,'_Confronto_Data'!$DM$2:$DM$195,$A35)) -> 0
A36: 4 | B36: {=_xlfn.XLOOKUP(A36,'_Confronto_Data'!$FO$2:$FO$19,'_Confronto_Data'!$FP$2:$FP$19,"")} -> 0 | C36: {=_xlfn.XLOOKUP(A36,'_Confronto_Data'!$FO$2:$FO$19,'_Confronto_Data'!$FQ$2:$FQ$19,"")} -> 0 | D36: {=_xlfn.XLOOKUP(A36,'_Confronto_Data'!$FO$2:$FO$19,'_Confronto_Data'!$FR$2:$FR$19,"")} -> 0 | E36: =IF($B$5="","",SUMIFS('_Confronto_Data'!$DQ$2:$DQ$195,'_Confronto_Data'!$DL$2:$DL$195,$B$5,'_Confronto_Data'!$DM$2:$DM$195,$A36)) -> 0 | F36: =IF($B$5="","",SUMIFS('_Confronto_Data'!$DR$2:$DR$195,'_Confronto_Data'!$DL$2:$DL$195,$B$5,'_Confronto_Data'!$DM$2:$DM$195,$A36)) -> 0 | G36: =IF($B$5="","",SUMIFS('_Confronto_Data'!$DS$2:$DS$195,'_Confronto_Data'!$DL$2:$DL$195,$B$5,'_Confronto_Data'!$DM$2:$DM$195,$A36)) -> 0 | H36: =IF($B$5="","",SUMIFS('_Confronto_Data'!$EC$2:$EC$195,'_Confronto_Data'!$DL$2:$DL$195,$B$5,'_Confronto_Data'!$DM$2:$DM$195,$A36)) -> 0 | I36: =IF($D$5="","",SUMIFS('_Confronto_Data'!$DQ$2:$DQ$195,'_Confronto_Data'!$DL$2:$DL$195,$D$5,'_Confronto_Data'!$DM$2:$DM$195,$A36)) -> 0 | J36: =IF($D$5="","",SUMIFS('_Confronto_Data'!$DR$2:$DR$195,'_Confronto_Data'!$DL$2:$DL$195,$D$5,'_Confronto_Data'!$DM$2:$DM$195,$A36)) -> 0 | K36: =IF($D$5="","",SUMIFS('_Confronto_Data'!$DS$2:$DS$195,'_Confronto_Data'!$DL$2:$DL$195,$D$5,'_Confronto_Data'!$DM$2:$DM$195,$A36)) -> 0 | L36: =IF($D$5="","",SUMIFS('_Confronto_Data'!$EC$2:$EC$195,'_Confronto_Data'!$DL$2:$DL$195,$D$5,'_Confronto_Data'!$DM$2:$DM$195,$A36)) -> 0
A37: 5 | B37: {=_xlfn.XLOOKUP(A37,'_Confronto_Data'!$FO$2:$FO$19,'_Confronto_Data'!$FP$2:$FP$19,"")} -> 0 | C37: {=_xlfn.XLOOKUP(A37,'_Confronto_Data'!$FO$2:$FO$19,'_Confronto_Data'!$FQ$2:$FQ$19,"")} -> 0 | D37: {=_xlfn.XLOOKUP(A37,'_Confronto_Data'!$FO$2:$FO$19,'_Confronto_Data'!$FR$2:$FR$19,"")} -> 0 | E37: =IF($B$5="","",SUMIFS('_Confronto_Data'!$DQ$2:$DQ$195,'_Confronto_Data'!$DL$2:$DL$195,$B$5,'_Confronto_Data'!$DM$2:$DM$195,$A37)) -> 0 | F37: =IF($B$5="","",SUMIFS('_Confronto_Data'!$DR$2:$DR$195,'_Confronto_Data'!$DL$2:$DL$195,$B$5,'_Confronto_Data'!$DM$2:$DM$195,$A37)) -> 0 | G37: =IF($B$5="","",SUMIFS('_Confronto_Data'!$DS$2:$DS$195,'_Confronto_Data'!$DL$2:$DL$195,$B$5,'_Confronto_Data'!$DM$2:$DM$195,$A37)) -> 0 | H37: =IF($B$5="","",SUMIFS('_Confronto_Data'!$EC$2:$EC$195,'_Confronto_Data'!$DL$2:$DL$195,$B$5,'_Confronto_Data'!$DM$2:$DM$195,$A37)) -> 0 | I37: =IF($D$5="","",SUMIFS('_Confronto_Data'!$DQ$2:$DQ$195,'_Confronto_Data'!$DL$2:$DL$195,$D$5,'_Confronto_Data'!$DM$2:$DM$195,$A37)) -> 0 | J37: =IF($D$5="","",SUMIFS('_Confronto_Data'!$DR$2:$DR$195,'_Confronto_Data'!$DL$2:$DL$195,$D$5,'_Confronto_Data'!$DM$2:$DM$195,$A37)) -> 0 | K37: =IF($D$5="","",SUMIFS('_Confronto_Data'!$DS$2:$DS$195,'_Confronto_Data'!$DL$2:$DL$195,$D$5,'_Confronto_Data'!$DM$2:$DM$195,$A37)) -> 0 | L37: =IF($D$5="","",SUMIFS('_Confronto_Data'!$EC$2:$EC$195,'_Confronto_Data'!$DL$2:$DL$195,$D$5,'_Confronto_Data'!$DM$2:$DM$195,$A37)) -> 0
A38: 6 | B38: {=_xlfn.XLOOKUP(A38,'_Confronto_Data'!$FO$2:$FO$19,'_Confronto_Data'!$FP$2:$FP$19,"")} -> 0 | C38: {=_xlfn.XLOOKUP(A38,'_Confronto_Data'!$FO$2:$FO$19,'_Confronto_Data'!$FQ$2:$FQ$19,"")} -> 0 | D38: {=_xlfn.XLOOKUP(A38,'_Confronto_Data'!$FO$2:$FO$19,'_Confronto_Data'!$FR$2:$FR$19,"")} -> 0 | E38: =IF($B$5="","",SUMIFS('_Confronto_Data'!$DQ$2:$DQ$195,'_Confronto_Data'!$DL$2:$DL$195,$B$5,'_Confronto_Data'!$DM$2:$DM$195,$A38)) -> 0 | F38: =IF($B$5="","",SUMIFS('_Confronto_Data'!$DR$2:$DR$195,'_Confronto_Data'!$DL$2:$DL$195,$B$5,'_Confronto_Data'!$DM$2:$DM$195,$A38)) -> 0 | G38: =IF($B$5="","",SUMIFS('_Confronto_Data'!$DS$2:$DS$195,'_Confronto_Data'!$DL$2:$DL$195,$B$5,'_Confronto_Data'!$DM$2:$DM$195,$A38)) -> 0 | H38: =IF($B$5="","",SUMIFS('_Confronto_Data'!$EC$2:$EC$195,'_Confronto_Data'!$DL$2:$DL$195,$B$5,'_Confronto_Data'!$DM$2:$DM$195,$A38)) -> 0 | I38: =IF($D$5="","",SUMIFS('_Confronto_Data'!$DQ$2:$DQ$195,'_Confronto_Data'!$DL$2:$DL$195,$D$5,'_Confronto_Data'!$DM$2:$DM$195,$A38)) -> 0 | J38: =IF($D$5="","",SUMIFS('_Confronto_Data'!$DR$2:$DR$195,'_Confronto_Data'!$DL$2:$DL$195,$D$5,'_Confronto_Data'!$DM$2:$DM$195,$A38)) -> 0 | K38: =IF($D$5="","",SUMIFS('_Confronto_Data'!$DS$2:$DS$195,'_Confronto_Data'!$DL$2:$DL$195,$D$5,'_Confronto_Data'!$DM$2:$DM$195,$A38)) -> 0 | L38: =IF($D$5="","",SUMIFS('_Confronto_Data'!$EC$2:$EC$195,'_Confronto_Data'!$DL$2:$DL$195,$D$5,'_Confronto_Data'!$DM$2:$DM$195,$A38)) -> 0
A39: 7 | B39: {=_xlfn.XLOOKUP(A39,'_Confronto_Data'!$FO$2:$FO$19,'_Confronto_Data'!$FP$2:$FP$19,"")} -> 0 | C39: {=_xlfn.XLOOKUP(A39,'_Confronto_Data'!$FO$2:$FO$19,'_Confronto_Data'!$FQ$2:$FQ$19,"")} -> 0 | D39: {=_xlfn.XLOOKUP(A39,'_Confronto_Data'!$FO$2:$FO$19,'_Confronto_Data'!$FR$2:$FR$19,"")} -> 0 | E39: =IF($B$5="","",SUMIFS('_Confronto_Data'!$DQ$2:$DQ$195,'_Confronto_Data'!$DL$2:$DL$195,$B$5,'_Confronto_Data'!$DM$2:$DM$195,$A39)) -> 0 | F39: =IF($B$5="","",SUMIFS('_Confronto_Data'!$DR$2:$DR$195,'_Confronto_Data'!$DL$2:$DL$195,$B$5,'_Confronto_Data'!$DM$2:$DM$195,$A39)) -> 0 | G39: =IF($B$5="","",SUMIFS('_Confronto_Data'!$DS$2:$DS$195,'_Confronto_Data'!$DL$2:$DL$195,$B$5,'_Confronto_Data'!$DM$2:$DM$195,$A39)) -> 0 | H39: =IF($B$5="","",SUMIFS('_Confronto_Data'!$EC$2:$EC$195,'_Confronto_Data'!$DL$2:$DL$195,$B$5,'_Confronto_Data'!$DM$2:$DM$195,$A39)) -> 0 | I39: =IF($D$5="","",SUMIFS('_Confronto_Data'!$DQ$2:$DQ$195,'_Confronto_Data'!$DL$2:$DL$195,$D$5,'_Confronto_Data'!$DM$2:$DM$195,$A39)) -> 0 | J39: =IF($D$5="","",SUMIFS('_Confronto_Data'!$DR$2:$DR$195,'_Confronto_Data'!$DL$2:$DL$195,$D$5,'_Confronto_Data'!$DM$2:$DM$195,$A39)) -> 0 | K39: =IF($D$5="","",SUMIFS('_Confronto_Data'!$DS$2:$DS$195,'_Confronto_Data'!$DL$2:$DL$195,$D$5,'_Confronto_Data'!$DM$2:$DM$195,$A39)) -> 0 | L39: =IF($D$5="","",SUMIFS('_Confronto_Data'!$EC$2:$EC$195,'_Confronto_Data'!$DL$2:$DL$195,$D$5,'_Confronto_Data'!$DM$2:$DM$195,$A39)) -> 0
A40: 8 | B40: {=_xlfn.XLOOKUP(A40,'_Confronto_Data'!$FO$2:$FO$19,'_Confronto_Data'!$FP$2:$FP$19,"")} -> 0 | C40: {=_xlfn.XLOOKUP(A40,'_Confronto_Data'!$FO$2:$FO$19,'_Confronto_Data'!$FQ$2:$FQ$19,"")} -> 0 | D40: {=_xlfn.XLOOKUP(A40,'_Confronto_Data'!$FO$2:$FO$19,'_Confronto_Data'!$FR$2:$FR$19,"")} -> 0 | E40: =IF($B$5="","",SUMIFS('_Confronto_Data'!$DQ$2:$DQ$195,'_Confronto_Data'!$DL$2:$DL$195,$B$5,'_Confronto_Data'!$DM$2:$DM$195,$A40)) -> 0 | F40: =IF($B$5="","",SUMIFS('_Confronto_Data'!$DR$2:$DR$195,'_Confronto_Data'!$DL$2:$DL$195,$B$5,'_Confronto_Data'!$DM$2:$DM$195,$A40)) -> 0 | G40: =IF($B$5="","",SUMIFS('_Confronto_Data'!$DS$2:$DS$195,'_Confronto_Data'!$DL$2:$DL$195,$B$5,'_Confronto_Data'!$DM$2:$DM$195,$A40)) -> 0 | H40: =IF($B$5="","",SUMIFS('_Confronto_Data'!$EC$2:$EC$195,'_Confronto_Data'!$DL$2:$DL$195,$B$5,'_Confronto_Data'!$DM$2:$DM$195,$A40)) -> 0 | I40: =IF($D$5="","",SUMIFS('_Confronto_Data'!$DQ$2:$DQ$195,'_Confronto_Data'!$DL$2:$DL$195,$D$5,'_Confronto_Data'!$DM$2:$DM$195,$A40)) -> 0 | J40: =IF($D$5="","",SUMIFS('_Confronto_Data'!$DR$2:$DR$195,'_Confronto_Data'!$DL$2:$DL$195,$D$5,'_Confronto_Data'!$DM$2:$DM$195,$A40)) -> 0 | K40: =IF($D$5="","",SUMIFS('_Confronto_Data'!$DS$2:$DS$195,'_Confronto_Data'!$DL$2:$DL$195,$D$5,'_Confronto_Data'!$DM$2:$DM$195,$A40)) -> 0 | L40: =IF($D$5="","",SUMIFS('_Confronto_Data'!$EC$2:$EC$195,'_Confronto_Data'!$DL$2:$DL$195,$D$5,'_Confronto_Data'!$DM$2:$DM$195,$A40)) -> 0
A41: 9 | B41: {=_xlfn.XLOOKUP(A41,'_Confronto_Data'!$FO$2:$FO$19,'_Confronto_Data'!$FP$2:$FP$19,"")} -> 0 | C41: {=_xlfn.XLOOKUP(A41,'_Confronto_Data'!$FO$2:$FO$19,'_Confronto_Data'!$FQ$2:$FQ$19,"")} -> 0 | D41: {=_xlfn.XLOOKUP(A41,'_Confronto_Data'!$FO$2:$FO$19,'_Confronto_Data'!$FR$2:$FR$19,"")} -> 0 | E41: =IF($B$5="","",SUMIFS('_Confronto_Data'!$DQ$2:$DQ$195,'_Confronto_Data'!$DL$2:$DL$195,$B$5,'_Confronto_Data'!$DM$2:$DM$195,$A41)) -> 0 | F41: =IF($B$5="","",SUMIFS('_Confronto_Data'!$DR$2:$DR$195,'_Confronto_Data'!$DL$2:$DL$195,$B$5,'_Confronto_Data'!$DM$2:$DM$195,$A41)) -> 0 | G41: =IF($B$5="","",SUMIFS('_Confronto_Data'!$DS$2:$DS$195,'_Confronto_Data'!$DL$2:$DL$195,$B$5,'_Confronto_Data'!$DM$2:$DM$195,$A41)) -> 0 | H41: =IF($B$5="","",SUMIFS('_Confronto_Data'!$EC$2:$EC$195,'_Confronto_Data'!$DL$2:$DL$195,$B$5,'_Confronto_Data'!$DM$2:$DM$195,$A41)) -> 0 | I41: =IF($D$5="","",SUMIFS('_Confronto_Data'!$DQ$2:$DQ$195,'_Confronto_Data'!$DL$2:$DL$195,$D$5,'_Confronto_Data'!$DM$2:$DM$195,$A41)) -> 0 | J41: =IF($D$5="","",SUMIFS('_Confronto_Data'!$DR$2:$DR$195,'_Confronto_Data'!$DL$2:$DL$195,$D$5,'_Confronto_Data'!$DM$2:$DM$195,$A41)) -> 0 | K41: =IF($D$5="","",SUMIFS('_Confronto_Data'!$DS$2:$DS$195,'_Confronto_Data'!$DL$2:$DL$195,$D$5,'_Confronto_Data'!$DM$2:$DM$195,$A41)) -> 0 | L41: =IF($D$5="","",SUMIFS('_Confronto_Data'!$EC$2:$EC$195,'_Confronto_Data'!$DL$2:$DL$195,$D$5,'_Confronto_Data'!$DM$2:$DM$195,$A41)) -> 0
A42: 10 | B42: {=_xlfn.XLOOKUP(A42,'_Confronto_Data'!$FO$2:$FO$19,'_Confronto_Data'!$FP$2:$FP$19,"")} -> 0 | C42: {=_xlfn.XLOOKUP(A42,'_Confronto_Data'!$FO$2:$FO$19,'_Confronto_Data'!$FQ$2:$FQ$19,"")} -> 0 | D42: {=_xlfn.XLOOKUP(A42,'_Confronto_Data'!$FO$2:$FO$19,'_Confronto_Data'!$FR$2:$FR$19,"")} -> 0 | E42: =IF($B$5="","",SUMIFS('_Confronto_Data'!$DQ$2:$DQ$195,'_Confronto_Data'!$DL$2:$DL$195,$B$5,'_Confronto_Data'!$DM$2:$DM$195,$A42)) -> 0 | F42: =IF($B$5="","",SUMIFS('_Confronto_Data'!$DR$2:$DR$195,'_Confronto_Data'!$DL$2:$DL$195,$B$5,'_Confronto_Data'!$DM$2:$DM$195,$A42)) -> 0 | G42: =IF($B$5="","",SUMIFS('_Confronto_Data'!$DS$2:$DS$195,'_Confronto_Data'!$DL$2:$DL$195,$B$5,'_Confronto_Data'!$DM$2:$DM$195,$A42)) -> 0 | H42: =IF($B$5="","",SUMIFS('_Confronto_Data'!$EC$2:$EC$195,'_Confronto_Data'!$DL$2:$DL$195,$B$5,'_Confronto_Data'!$DM$2:$DM$195,$A42)) -> 0 | I42: =IF($D$5="","",SUMIFS('_Confronto_Data'!$DQ$2:$DQ$195,'_Confronto_Data'!$DL$2:$DL$195,$D$5,'_Confronto_Data'!$DM$2:$DM$195,$A42)) -> 0 | J42: =IF($D$5="","",SUMIFS('_Confronto_Data'!$DR$2:$DR$195,'_Confronto_Data'!$DL$2:$DL$195,$D$5,'_Confronto_Data'!$DM$2:$DM$195,$A42)) -> 0 | K42: =IF($D$5="","",SUMIFS('_Confronto_Data'!$DS$2:$DS$195,'_Confronto_Data'!$DL$2:$DL$195,$D$5,'_Confronto_Data'!$DM$2:$DM$195,$A42)) -> 0 | L42: =IF($D$5="","",SUMIFS('_Confronto_Data'!$EC$2:$EC$195,'_Confronto_Data'!$DL$2:$DL$195,$D$5,'_Confronto_Data'!$DM$2:$DM$195,$A42)) -> 0
A43: 11 | B43: {=_xlfn.XLOOKUP(A43,'_Confronto_Data'!$FO$2:$FO$19,'_Confronto_Data'!$FP$2:$FP$19,"")} -> 0 | C43: {=_xlfn.XLOOKUP(A43,'_Confronto_Data'!$FO$2:$FO$19,'_Confronto_Data'!$FQ$2:$FQ$19,"")} -> 0 | D43: {=_xlfn.XLOOKUP(A43,'_Confronto_Data'!$FO$2:$FO$19,'_Confronto_Data'!$FR$2:$FR$19,"")} -> 0 | E43: =IF($B$5="","",SUMIFS('_Confronto_Data'!$DQ$2:$DQ$195,'_Confronto_Data'!$DL$2:$DL$195,$B$5,'_Confronto_Data'!$DM$2:$DM$195,$A43)) -> 0 | F43: =IF($B$5="","",SUMIFS('_Confronto_Data'!$DR$2:$DR$195,'_Confronto_Data'!$DL$2:$DL$195,$B$5,'_Confronto_Data'!$DM$2:$DM$195,$A43)) -> 0 | G43: =IF($B$5="","",SUMIFS('_Confronto_Data'!$DS$2:$DS$195,'_Confronto_Data'!$DL$2:$DL$195,$B$5,'_Confronto_Data'!$DM$2:$DM$195,$A43)) -> 0 | H43: =IF($B$5="","",SUMIFS('_Confronto_Data'!$EC$2:$EC$195,'_Confronto_Data'!$DL$2:$DL$195,$B$5,'_Confronto_Data'!$DM$2:$DM$195,$A43)) -> 0 | I43: =IF($D$5="","",SUMIFS('_Confronto_Data'!$DQ$2:$DQ$195,'_Confronto_Data'!$DL$2:$DL$195,$D$5,'_Confronto_Data'!$DM$2:$DM$195,$A43)) -> 0 | J43: =IF($D$5="","",SUMIFS('_Confronto_Data'!$DR$2:$DR$195,'_Confronto_Data'!$DL$2:$DL$195,$D$5,'_Confronto_Data'!$DM$2:$DM$195,$A43)) -> 0 | K43: =IF($D$5="","",SUMIFS('_Confronto_Data'!$DS$2:$DS$195,'_Confronto_Data'!$DL$2:$DL$195,$D$5,'_Confronto_Data'!$DM$2:$DM$195,$A43)) -> 0 | L43: =IF($D$5="","",SUMIFS('_Confronto_Data'!$EC$2:$EC$195,'_Confronto_Data'!$DL$2:$DL$195,$D$5,'_Confronto_Data'!$DM$2:$DM$195,$A43)) -> 0
A44: 12 | B44: {=_xlfn.XLOOKUP(A44,'_Confronto_Data'!$FO$2:$FO$19,'_Confronto_Data'!$FP$2:$FP$19,"")} -> 0 | C44: {=_xlfn.XLOOKUP(A44,'_Confronto_Data'!$FO$2:$FO$19,'_Confronto_Data'!$FQ$2:$FQ$19,"")} -> 0 | D44: {=_xlfn.XLOOKUP(A44,'_Confronto_Data'!$FO$2:$FO$19,'_Confronto_Data'!$FR$2:$FR$19,"")} -> 0 | E44: =IF($B$5="","",SUMIFS('_Confronto_Data'!$DQ$2:$DQ$195,'_Confronto_Data'!$DL$2:$DL$195,$B$5,'_Confronto_Data'!$DM$2:$DM$195,$A44)) -> 0 | F44: =IF($B$5="","",SUMIFS('_Confronto_Data'!$DR$2:$DR$195,'_Confronto_Data'!$DL$2:$DL$195,$B$5,'_Confronto_Data'!$DM$2:$DM$195,$A44)) -> 0 | G44: =IF($B$5="","",SUMIFS('_Confronto_Data'!$DS$2:$DS$195,'_Confronto_Data'!$DL$2:$DL$195,$B$5,'_Confronto_Data'!$DM$2:$DM$195,$A44)) -> 0 | H44: =IF($B$5="","",SUMIFS('_Confronto_Data'!$EC$2:$EC$195,'_Confronto_Data'!$DL$2:$DL$195,$B$5,'_Confronto_Data'!$DM$2:$DM$195,$A44)) -> 0 | I44: =IF($D$5="","",SUMIFS('_Confronto_Data'!$DQ$2:$DQ$195,'_Confronto_Data'!$DL$2:$DL$195,$D$5,'_Confronto_Data'!$DM$2:$DM$195,$A44)) -> 0 | J44: =IF($D$5="","",SUMIFS('_Confronto_Data'!$DR$2:$DR$195,'_Confronto_Data'!$DL$2:$DL$195,$D$5,'_Confronto_Data'!$DM$2:$DM$195,$A44)) -> 0 | K44: =IF($D$5="","",SUMIFS('_Confronto_Data'!$DS$2:$DS$195,'_Confronto_Data'!$DL$2:$DL$195,$D$5,'_Confronto_Data'!$DM$2:$DM$195,$A44)) -> 0 | L44: =IF($D$5="","",SUMIFS('_Confronto_Data'!$EC$2:$EC$195,'_Confronto_Data'!$DL$2:$DL$195,$D$5,'_Confronto_Data'!$DM$2:$DM$195,$A44)) -> 0
... A50: 18 | B50: {=_xlfn.XLOOKUP(A50,'_Confronto_Data'!$FO$2:$FO$19,'_Confronto_Data'!$FP$2:$FP$19,"")} -> 0 | C50: {=_xlfn.XLOOKUP(A50,'_Confronto_Data'!$FO$2:$FO$19,'_Confronto_Data'!$FQ$2:$FQ$19,"")} -> 0 | D50: {=_xlfn.XLOOKUP(A50,'_Confronto_Data'!$FO$2:$FO$19,'_Confronto_Data'!$FR$2:$FR$19,"")} -> 0 | E50: =IF($B$5="","",SUMIFS('_Confronto_Data'!$DQ$2:$DQ$195,'_Confronto_Data'!$DL$2:$DL$195,$B$5,'_Confronto_Data'!$DM$2:$DM$195,$A50)) -> 0 | F50: =IF($B$5="","",SUMIFS('_Confronto_Data'!$DR$2:$DR$195,'_Confronto_Data'!$DL$2:$DL$195,$B$5,'_Confronto_Data'!$DM$2:$DM$195,$A50)) -> 0 | G50: =IF($B$5="","",SUMIFS('_Confronto_Data'!$DS$2:$DS$195,'_Confronto_Data'!$DL$2:$DL$195,$B$5,'_Confronto_Data'!$DM$2:$DM$195,$A50)) -> 0 | H50: =IF($B$5="","",SUMIFS('_Confronto_Data'!$EC$2:$EC$195,'_Confronto_Data'!$DL$2:$DL$195,$B$5,'_Confronto_Data'!$DM$2:$DM$195,$A50)) -> 0 | I50: =IF($D$5="","",SUMIFS('_Confronto_Data'!$DQ$2:$DQ$195,'_Confronto_Data'!$DL$2:$DL$195,$D$5,'_Confronto_Data'!$DM$2:$DM$195,$A50)) -> 0 | J50: =IF($D$5="","",SUMIFS('_Confronto_Data'!$DR$2:$DR$195,'_Confronto_Data'!$DL$2:$DL$195,$D$5,'_Confronto_Data'!$DM$2:$DM$195,$A50)) -> 0 | K50: =IF($D$5="","",SUMIFS('_Confronto_Data'!$DS$2:$DS$195,'_Confronto_Data'!$DL$2:$DL$195,$D$5,'_Confronto_Data'!$DM$2:$DM$195,$A50)) -> 0 | L50: =IF($D$5="","",SUMIFS('_Confronto_Data'!$EC$2:$EC$195,'_Confronto_Data'!$DL$2:$DL$195,$D$5,'_Confronto_Data'!$DM$2:$DM$195,$A50)) -> 0
A55: Portieri
A56: Portiere A | B56: FRANCHI | C56: Portiere B | D56: LUCA BOLO
A58: Metrica | B58: Portiere A | C58: Portiere B | D58: Delta A-B | F58: Confronto portieri
A59: Mano | B59: {=IF($B$56="","",_xlfn.XLOOKUP($B$56,'_Confronto_Data'!$BI$2:$BI$4,'_Confronto_Data'!$BM$2:$BM$4,""))} -> 0 | C59: {=IF($D$56="","",_xlfn.XLOOKUP($D$56,'_Confronto_Data'!$BI$2:$BI$4,'_Confronto_Data'!$BM$2:$BM$4,""))} -> 0 | F59: Metrica | G59: A | H59: B
A60: Partite foglio | B60: {=IF($B$56="","",_xlfn.XLOOKUP($B$56,'_Confronto_Data'!$BI$2:$BI$4,'_Confronto_Data'!$BS$2:$BS$4,""))} -> 0 | C60: {=IF($D$56="","",_xlfn.XLOOKUP($D$56,'_Confronto_Data'!$BI$2:$BI$4,'_Confronto_Data'!$BS$2:$BS$4,""))} -> 0 | D60: =IF(OR(B60="",C60=""),"",B60-C60) -> 0 | F60: Parate | G60: =B62 -> 0 | H60: =C62 -> 0
A61: Partite giocate stimate | B61: {=IF($B$56="","",_xlfn.XLOOKUP($B$56,'_Confronto_Data'!$BI$2:$BI$4,'_Confronto_Data'!$BT$2:$BT$4,""))} -> 0 | C61: {=IF($D$56="","",_xlfn.XLOOKUP($D$56,'_Confronto_Data'!$BI$2:$BI$4,'_Confronto_Data'!$BT$2:$BT$4,""))} -> 0 | D61: =IF(OR(B61="",C61=""),"",B61-C61) -> 0 | F61: Gol subiti | G61: =B64 -> 0 | H61: =C64 -> 0
A62: Parate | B62: {=IF($B$56="","",_xlfn.XLOOKUP($B$56,'_Confronto_Data'!$BI$2:$BI$4,'_Confronto_Data'!$CG$2:$CG$4,""))} -> 0 | C62: {=IF($D$56="","",_xlfn.XLOOKUP($D$56,'_Confronto_Data'!$BI$2:$BI$4,'_Confronto_Data'!$CG$2:$CG$4,""))} -> 0 | D62: =IF(OR(B62="",C62=""),"",B62-C62) -> 0 | F62: Indice 0-100 | G62: =B71 -> 0 | H62: =C71 -> 0
A63: Parate/partita | B63: {=IF($B$56="","",_xlfn.XLOOKUP($B$56,'_Confronto_Data'!$BI$2:$BI$4,'_Confronto_Data'!$CH$2:$CH$4,""))} -> 0 | C63: {=IF($D$56="","",_xlfn.XLOOKUP($D$56,'_Confronto_Data'!$BI$2:$BI$4,'_Confronto_Data'!$CH$2:$CH$4,""))} -> 0 | D63: =IF(OR(B63="",C63=""),"",B63-C63) -> 0
A64: Gol subiti | B64: {=IF($B$56="","",_xlfn.XLOOKUP($B$56,'_Confronto_Data'!$BI$2:$BI$4,'_Confronto_Data'!$CO$2:$CO$4,""))} -> 0 | C64: {=IF($D$56="","",_xlfn.XLOOKUP($D$56,'_Confronto_Data'!$BI$2:$BI$4,'_Confronto_Data'!$CO$2:$CO$4,""))} -> 0 | D64: =IF(OR(B64="",C64=""),"",B64-C64) -> 0
A65: Gol subiti/partita | B65: {=IF($B$56="","",_xlfn.XLOOKUP($B$56,'_Confronto_Data'!$BI$2:$BI$4,'_Confronto_Data'!$CP$2:$CP$4,""))} -> 0 | C65: {=IF($D$56="","",_xlfn.XLOOKUP($D$56,'_Confronto_Data'!$BI$2:$BI$4,'_Confronto_Data'!$CP$2:$CP$4,""))} -> 0 | D65: =IF(OR(B65="",C65=""),"",B65-C65) -> 0
A66: % parate | B66: {=IF($B$56="","",_xlfn.XLOOKUP($B$56,'_Confronto_Data'!$BI$2:$BI$4,'_Confronto_Data'!$CU$2:$CU$4,""))} -> 0 | C66: {=IF($D$56="","",_xlfn.XLOOKUP($D$56,'_Confronto_Data'!$BI$2:$BI$4,'_Confronto_Data'!$CU$2:$CU$4,""))} -> 0 | D66: =IF(OR(B66="",C66=""),"",B66-C66) -> 0
A67: Assist | B67: {=IF($B$56="","",_xlfn.XLOOKUP($B$56,'_Confronto_Data'!$BI$2:$BI$4,'_Confronto_Data'!$BW$2:$BW$4,""))} -> 0 | C67: {=IF($D$56="","",_xlfn.XLOOKUP($D$56,'_Confronto_Data'!$BI$2:$BI$4,'_Confronto_Data'!$BW$2:$BW$4,""))} -> 0 | D67: =IF(OR(B67="",C67=""),"",B67-C67) -> 0
A68: Errori | B68: {=IF($B$56="","",_xlfn.XLOOKUP($B$56,'_Confronto_Data'!$BI$2:$BI$4,'_Confronto_Data'!$CS$2:$CS$4,""))} -> 0 | C68: {=IF($D$56="","",_xlfn.XLOOKUP($D$56,'_Confronto_Data'!$BI$2:$BI$4,'_Confronto_Data'!$CS$2:$CS$4,""))} -> 0 | D68: =IF(OR(B68="",C68=""),"",B68-C68) -> 0
A69: Val. grezza tot | B69: {=IF($B$56="","",_xlfn.XLOOKUP($B$56,'_Confronto_Data'!$BI$2:$BI$4,'_Confronto_Data'!$CZ$2:$CZ$4,""))} -> 0 | C69: {=IF($D$56="","",_xlfn.XLOOKUP($D$56,'_Confronto_Data'!$BI$2:$BI$4,'_Confronto_Data'!$CZ$2:$CZ$4,""))} -> 0 | D69: =IF(OR(B69="",C69=""),"",B69-C69) -> 0
A70: Val. grezza media | B70: {=IF($B$56="","",_xlfn.XLOOKUP($B$56,'_Confronto_Data'!$BI$2:$BI$4,'_Confronto_Data'!$DB$2:$DB$4,""))} -> 0 | C70: {=IF($D$56="","",_xlfn.XLOOKUP($D$56,'_Confronto_Data'!$BI$2:$BI$4,'_Confronto_Data'!$DB$2:$DB$4,""))} -> 0 | D70: =IF(OR(B70="",C70=""),"",B70-C70) -> 0
A71: Indice 0-100 | B71: {=IF($B$56="","",_xlfn.XLOOKUP($B$56,'_Confronto_Data'!$BI$2:$BI$4,'_Confronto_Data'!$DC$2:$DC$4,""))} -> 0 | C71: {=IF($D$56="","",_xlfn.XLOOKUP($D$56,'_Confronto_Data'!$BI$2:$BI$4,'_Confronto_Data'!$DC$2:$DC$4,""))} -> 0 | D71: =IF(OR(B71="",C71=""),"",B71-C71) -> 0
A87: Dettaglio portieri partita-per-partita
A88: G | B88: Data | C88: Avversario | D88: Casa/Trasf | E88: A Parate | F88: A GS | G88: A % | H88: A Giocata | I88: B Parate | J88: B GS | K88: B % | L88: B Giocata
A89: 1 | B89: {=_xlfn.XLOOKUP(A89,'_Confronto_Data'!$FO$2:$FO$19,'_Confronto_Data'!$FP$2:$FP$19,"")} -> 0 | C89: {=_xlfn.XLOOKUP(A89,'_Confronto_Data'!$FO$2:$FO$19,'_Confronto_Data'!$FQ$2:$FQ$19,"")} -> 0 | D89: {=_xlfn.XLOOKUP(A89,'_Confronto_Data'!$FO$2:$FO$19,'_Confronto_Data'!$FR$2:$FR$19,"")} -> 0 | E89: =IF($B$56="","",SUMIFS('_Confronto_Data'!$EV$2:$EV$34,'_Confronto_Data'!$EP$2:$EP$34,$B$56,'_Confronto_Data'!$EQ$2:$EQ$34,$A89)) -> 0 | F89: =IF($B$56="","",SUMIFS('_Confronto_Data'!$EW$2:$EW$34,'_Confronto_Data'!$EP$2:$EP$34,$B$56,'_Confronto_Data'!$EQ$2:$EQ$34,$A89)) -> 0 | G89: =IF($B$56="","",SUMIFS('_Confronto_Data'!$EX$2:$EX$34,'_Confronto_Data'!$EP$2:$EP$34,$B$56,'_Confronto_Data'!$EQ$2:$EQ$34,$A89)) -> 0 | H89: {=IF($B$56="","",_xlfn.XLOOKUP($B$56&"|"&$A89,'_Confronto_Data'!$FC$2:$FC$34,'_Confronto_Data'!$FD$2:$FD$34,""))} -> 0 | I89: =IF($D$56="","",SUMIFS('_Confronto_Data'!$EV$2:$EV$34,'_Confronto_Data'!$EP$2:$EP$34,$D$56,'_Confronto_Data'!$EQ$2:$EQ$34,$A89)) -> 0 | J89: =IF($D$56="","",SUMIFS('_Confronto_Data'!$EW$2:$EW$34,'_Confronto_Data'!$EP$2:$EP$34,$D$56,'_Confronto_Data'!$EQ$2:$EQ$34,$A89)) -> 0 | K89: =IF($D$56="","",SUMIFS('_Confronto_Data'!$EX$2:$EX$34,'_Confronto_Data'!$EP$2:$EP$34,$D$56,'_Confronto_Data'!$EQ$2:$EQ$34,$A89)) -> 0 | L89: {=IF($D$56="","",_xlfn.XLOOKUP($D$56&"|"&$A89,'_Confronto_Data'!$FC$2:$FC$34,'_Confronto_Data'!$FD$2:$FD$34,""))} -> 0
A90: 2 | B90: {=_xlfn.XLOOKUP(A90,'_Confronto_Data'!$FO$2:$FO$19,'_Confronto_Data'!$FP$2:$FP$19,"")} -> 0 | C90: {=_xlfn.XLOOKUP(A90,'_Confronto_Data'!$FO$2:$FO$19,'_Confronto_Data'!$FQ$2:$FQ$19,"")} -> 0 | D90: {=_xlfn.XLOOKUP(A90,'_Confronto_Data'!$FO$2:$FO$19,'_Confronto_Data'!$FR$2:$FR$19,"")} -> 0 | E90: =IF($B$56="","",SUMIFS('_Confronto_Data'!$EV$2:$EV$34,'_Confronto_Data'!$EP$2:$EP$34,$B$56,'_Confronto_Data'!$EQ$2:$EQ$34,$A90)) -> 0 | F90: =IF($B$56="","",SUMIFS('_Confronto_Data'!$EW$2:$EW$34,'_Confronto_Data'!$EP$2:$EP$34,$B$56,'_Confronto_Data'!$EQ$2:$EQ$34,$A90)) -> 0 | G90: =IF($B$56="","",SUMIFS('_Confronto_Data'!$EX$2:$EX$34,'_Confronto_Data'!$EP$2:$EP$34,$B$56,'_Confronto_Data'!$EQ$2:$EQ$34,$A90)) -> 0 | H90: {=IF($B$56="","",_xlfn.XLOOKUP($B$56&"|"&$A90,'_Confronto_Data'!$FC$2:$FC$34,'_Confronto_Data'!$FD$2:$FD$34,""))} -> 0 | I90: =IF($D$56="","",SUMIFS('_Confronto_Data'!$EV$2:$EV$34,'_Confronto_Data'!$EP$2:$EP$34,$D$56,'_Confronto_Data'!$EQ$2:$EQ$34,$A90)) -> 0 | J90: =IF($D$56="","",SUMIFS('_Confronto_Data'!$EW$2:$EW$34,'_Confronto_Data'!$EP$2:$EP$34,$D$56,'_Confronto_Data'!$EQ$2:$EQ$34,$A90)) -> 0 | K90: =IF($D$56="","",SUMIFS('_Confronto_Data'!$EX$2:$EX$34,'_Confronto_Data'!$EP$2:$EP$34,$D$56,'_Confronto_Data'!$EQ$2:$EQ$34,$A90)) -> 0 | L90: {=IF($D$56="","",_xlfn.XLOOKUP($D$56&"|"&$A90,'_Confronto_Data'!$FC$2:$FC$34,'_Confronto_Data'!$FD$2:$FD$34,""))} -> 0
A91: 3 | B91: {=_xlfn.XLOOKUP(A91,'_Confronto_Data'!$FO$2:$FO$19,'_Confronto_Data'!$FP$2:$FP$19,"")} -> 0 | C91: {=_xlfn.XLOOKUP(A91,'_Confronto_Data'!$FO$2:$FO$19,'_Confronto_Data'!$FQ$2:$FQ$19,"")} -> 0 | D91: {=_xlfn.XLOOKUP(A91,'_Confronto_Data'!$FO$2:$FO$19,'_Confronto_Data'!$FR$2:$FR$19,"")} -> 0 | E91: =IF($B$56="","",SUMIFS('_Confronto_Data'!$EV$2:$EV$34,'_Confronto_Data'!$EP$2:$EP$34,$B$56,'_Confronto_Data'!$EQ$2:$EQ$34,$A91)) -> 0 | F91: =IF($B$56="","",SUMIFS('_Confronto_Data'!$EW$2:$EW$34,'_Confronto_Data'!$EP$2:$EP$34,$B$56,'_Confronto_Data'!$EQ$2:$EQ$34,$A91)) -> 0 | G91: =IF($B$56="","",SUMIFS('_Confronto_Data'!$EX$2:$EX$34,'_Confronto_Data'!$EP$2:$EP$34,$B$56,'_Confronto_Data'!$EQ$2:$EQ$34,$A91)) -> 0 | H91: {=IF($B$56="","",_xlfn.XLOOKUP($B$56&"|"&$A91,'_Confronto_Data'!$FC$2:$FC$34,'_Confronto_Data'!$FD$2:$FD$34,""))} -> 0 | I91: =IF($D$56="","",SUMIFS('_Confronto_Data'!$EV$2:$EV$34,'_Confronto_Data'!$EP$2:$EP$34,$D$56,'_Confronto_Data'!$EQ$2:$EQ$34,$A91)) -> 0 | J91: =IF($D$56="","",SUMIFS('_Confronto_Data'!$EW$2:$EW$34,'_Confronto_Data'!$EP$2:$EP$34,$D$56,'_Confronto_Data'!$EQ$2:$EQ$34,$A91)) -> 0 | K91: =IF($D$56="","",SUMIFS('_Confronto_Data'!$EX$2:$EX$34,'_Confronto_Data'!$EP$2:$EP$34,$D$56,'_Confronto_Data'!$EQ$2:$EQ$34,$A91)) -> 0 | L91: {=IF($D$56="","",_xlfn.XLOOKUP($D$56&"|"&$A91,'_Confronto_Data'!$FC$2:$FC$34,'_Confronto_Data'!$FD$2:$FD$34,""))} -> 0
A92: 4 | B92: {=_xlfn.XLOOKUP(A92,'_Confronto_Data'!$FO$2:$FO$19,'_Confronto_Data'!$FP$2:$FP$19,"")} -> 0 | C92: {=_xlfn.XLOOKUP(A92,'_Confronto_Data'!$FO$2:$FO$19,'_Confronto_Data'!$FQ$2:$FQ$19,"")} -> 0 | D92: {=_xlfn.XLOOKUP(A92,'_Confronto_Data'!$FO$2:$FO$19,'_Confronto_Data'!$FR$2:$FR$19,"")} -> 0 | E92: =IF($B$56="","",SUMIFS('_Confronto_Data'!$EV$2:$EV$34,'_Confronto_Data'!$EP$2:$EP$34,$B$56,'_Confronto_Data'!$EQ$2:$EQ$34,$A92)) -> 0 | F92: =IF($B$56="","",SUMIFS('_Confronto_Data'!$EW$2:$EW$34,'_Confronto_Data'!$EP$2:$EP$34,$B$56,'_Confronto_Data'!$EQ$2:$EQ$34,$A92)) -> 0 | G92: =IF($B$56="","",SUMIFS('_Confronto_Data'!$EX$2:$EX$34,'_Confronto_Data'!$EP$2:$EP$34,$B$56,'_Confronto_Data'!$EQ$2:$EQ$34,$A92)) -> 0 | H92: {=IF($B$56="","",_xlfn.XLOOKUP($B$56&"|"&$A92,'_Confronto_Data'!$FC$2:$FC$34,'_Confronto_Data'!$FD$2:$FD$34,""))} -> 0 | I92: =IF($D$56="","",SUMIFS('_Confronto_Data'!$EV$2:$EV$34,'_Confronto_Data'!$EP$2:$EP$34,$D$56,'_Confronto_Data'!$EQ$2:$EQ$34,$A92)) -> 0 | J92: =IF($D$56="","",SUMIFS('_Confronto_Data'!$EW$2:$EW$34,'_Confronto_Data'!$EP$2:$EP$34,$D$56,'_Confronto_Data'!$EQ$2:$EQ$34,$A92)) -> 0 | K92: =IF($D$56="","",SUMIFS('_Confronto_Data'!$EX$2:$EX$34,'_Confronto_Data'!$EP$2:$EP$34,$D$56,'_Confronto_Data'!$EQ$2:$EQ$34,$A92)) -> 0 | L92: {=IF($D$56="","",_xlfn.XLOOKUP($D$56&"|"&$A92,'_Confronto_Data'!$FC$2:$FC$34,'_Confronto_Data'!$FD$2:$FD$34,""))} -> 0
A93: 5 | B93: {=_xlfn.XLOOKUP(A93,'_Confronto_Data'!$FO$2:$FO$19,'_Confronto_Data'!$FP$2:$FP$19,"")} -> 0 | C93: {=_xlfn.XLOOKUP(A93,'_Confronto_Data'!$FO$2:$FO$19,'_Confronto_Data'!$FQ$2:$FQ$19,"")} -> 0 | D93: {=_xlfn.XLOOKUP(A93,'_Confronto_Data'!$FO$2:$FO$19,'_Confronto_Data'!$FR$2:$FR$19,"")} -> 0 | E93: =IF($B$56="","",SUMIFS('_Confronto_Data'!$EV$2:$EV$34,'_Confronto_Data'!$EP$2:$EP$34,$B$56,'_Confronto_Data'!$EQ$2:$EQ$34,$A93)) -> 0 | F93: =IF($B$56="","",SUMIFS('_Confronto_Data'!$EW$2:$EW$34,'_Confronto_Data'!$EP$2:$EP$34,$B$56,'_Confronto_Data'!$EQ$2:$EQ$34,$A93)) -> 0 | G93: =IF($B$56="","",SUMIFS('_Confronto_Data'!$EX$2:$EX$34,'_Confronto_Data'!$EP$2:$EP$34,$B$56,'_Confronto_Data'!$EQ$2:$EQ$34,$A93)) -> 0 | H93: {=IF($B$56="","",_xlfn.XLOOKUP($B$56&"|"&$A93,'_Confronto_Data'!$FC$2:$FC$34,'_Confronto_Data'!$FD$2:$FD$34,""))} -> 0 | I93: =IF($D$56="","",SUMIFS('_Confronto_Data'!$EV$2:$EV$34,'_Confronto_Data'!$EP$2:$EP$34,$D$56,'_Confronto_Data'!$EQ$2:$EQ$34,$A93)) -> 0 | J93: =IF($D$56="","",SUMIFS('_Confronto_Data'!$EW$2:$EW$34,'_Confronto_Data'!$EP$2:$EP$34,$D$56,'_Confronto_Data'!$EQ$2:$EQ$34,$A93)) -> 0 | K93: =IF($D$56="","",SUMIFS('_Confronto_Data'!$EX$2:$EX$34,'_Confronto_Data'!$EP$2:$EP$34,$D$56,'_Confronto_Data'!$EQ$2:$EQ$34,$A93)) -> 0 | L93: {=IF($D$56="","",_xlfn.XLOOKUP($D$56&"|"&$A93,'_Confronto_Data'!$FC$2:$FC$34,'_Confronto_Data'!$FD$2:$FD$34,""))} -> 0
A94: 6 | B94: {=_xlfn.XLOOKUP(A94,'_Confronto_Data'!$FO$2:$FO$19,'_Confronto_Data'!$FP$2:$FP$19,"")} -> 0 | C94: {=_xlfn.XLOOKUP(A94,'_Confronto_Data'!$FO$2:$FO$19,'_Confronto_Data'!$FQ$2:$FQ$19,"")} -> 0 | D94: {=_xlfn.XLOOKUP(A94,'_Confronto_Data'!$FO$2:$FO$19,'_Confronto_Data'!$FR$2:$FR$19,"")} -> 0 | E94: =IF($B$56="","",SUMIFS('_Confronto_Data'!$EV$2:$EV$34,'_Confronto_Data'!$EP$2:$EP$34,$B$56,'_Confronto_Data'!$EQ$2:$EQ$34,$A94)) -> 0 | F94: =IF($B$56="","",SUMIFS('_Confronto_Data'!$EW$2:$EW$34,'_Confronto_Data'!$EP$2:$EP$34,$B$56,'_Confronto_Data'!$EQ$2:$EQ$34,$A94)) -> 0 | G94: =IF($B$56="","",SUMIFS('_Confronto_Data'!$EX$2:$EX$34,'_Confronto_Data'!$EP$2:$EP$34,$B$56,'_Confronto_Data'!$EQ$2:$EQ$34,$A94)) -> 0 | H94: {=IF($B$56="","",_xlfn.XLOOKUP($B$56&"|"&$A94,'_Confronto_Data'!$FC$2:$FC$34,'_Confronto_Data'!$FD$2:$FD$34,""))} -> 0 | I94: =IF($D$56="","",SUMIFS('_Confronto_Data'!$EV$2:$EV$34,'_Confronto_Data'!$EP$2:$EP$34,$D$56,'_Confronto_Data'!$EQ$2:$EQ$34,$A94)) -> 0 | J94: =IF($D$56="","",SUMIFS('_Confronto_Data'!$EW$2:$EW$34,'_Confronto_Data'!$EP$2:$EP$34,$D$56,'_Confronto_Data'!$EQ$2:$EQ$34,$A94)) -> 0 | K94: =IF($D$56="","",SUMIFS('_Confronto_Data'!$EX$2:$EX$34,'_Confronto_Data'!$EP$2:$EP$34,$D$56,'_Confronto_Data'!$EQ$2:$EQ$34,$A94)) -> 0 | L94: {=IF($D$56="","",_xlfn.XLOOKUP($D$56&"|"&$A94,'_Confronto_Data'!$FC$2:$FC$34,'_Confronto_Data'!$FD$2:$FD$34,""))} -> 0
A95: 7 | B95: {=_xlfn.XLOOKUP(A95,'_Confronto_Data'!$FO$2:$FO$19,'_Confronto_Data'!$FP$2:$FP$19,"")} -> 0 | C95: {=_xlfn.XLOOKUP(A95,'_Confronto_Data'!$FO$2:$FO$19,'_Confronto_Data'!$FQ$2:$FQ$19,"")} -> 0 | D95: {=_xlfn.XLOOKUP(A95,'_Confronto_Data'!$FO$2:$FO$19,'_Confronto_Data'!$FR$2:$FR$19,"")} -> 0 | E95: =IF($B$56="","",SUMIFS('_Confronto_Data'!$EV$2:$EV$34,'_Confronto_Data'!$EP$2:$EP$34,$B$56,'_Confronto_Data'!$EQ$2:$EQ$34,$A95)) -> 0 | F95: =IF($B$56="","",SUMIFS('_Confronto_Data'!$EW$2:$EW$34,'_Confronto_Data'!$EP$2:$EP$34,$B$56,'_Confronto_Data'!$EQ$2:$EQ$34,$A95)) -> 0 | G95: =IF($B$56="","",SUMIFS('_Confronto_Data'!$EX$2:$EX$34,'_Confronto_Data'!$EP$2:$EP$34,$B$56,'_Confronto_Data'!$EQ$2:$EQ$34,$A95)) -> 0 | H95: {=IF($B$56="","",_xlfn.XLOOKUP($B$56&"|"&$A95,'_Confronto_Data'!$FC$2:$FC$34,'_Confronto_Data'!$FD$2:$FD$34,""))} -> 0 | I95: =IF($D$56="","",SUMIFS('_Confronto_Data'!$EV$2:$EV$34,'_Confronto_Data'!$EP$2:$EP$34,$D$56,'_Confronto_Data'!$EQ$2:$EQ$34,$A95)) -> 0 | J95: =IF($D$56="","",SUMIFS('_Confronto_Data'!$EW$2:$EW$34,'_Confronto_Data'!$EP$2:$EP$34,$D$56,'_Confronto_Data'!$EQ$2:$EQ$34,$A95)) -> 0 | K95: =IF($D$56="","",SUMIFS('_Confronto_Data'!$EX$2:$EX$34,'_Confronto_Data'!$EP$2:$EP$34,$D$56,'_Confronto_Data'!$EQ$2:$EQ$34,$A95)) -> 0 | L95: {=IF($D$56="","",_xlfn.XLOOKUP($D$56&"|"&$A95,'_Confronto_Data'!$FC$2:$FC$34,'_Confronto_Data'!$FD$2:$FD$34,""))} -> 0
A96: 8 | B96: {=_xlfn.XLOOKUP(A96,'_Confronto_Data'!$FO$2:$FO$19,'_Confronto_Data'!$FP$2:$FP$19,"")} -> 0 | C96: {=_xlfn.XLOOKUP(A96,'_Confronto_Data'!$FO$2:$FO$19,'_Confronto_Data'!$FQ$2:$FQ$19,"")} -> 0 | D96: {=_xlfn.XLOOKUP(A96,'_Confronto_Data'!$FO$2:$FO$19,'_Confronto_Data'!$FR$2:$FR$19,"")} -> 0 | E96: =IF($B$56="","",SUMIFS('_Confronto_Data'!$EV$2:$EV$34,'_Confronto_Data'!$EP$2:$EP$34,$B$56,'_Confronto_Data'!$EQ$2:$EQ$34,$A96)) -> 0 | F96: =IF($B$56="","",SUMIFS('_Confronto_Data'!$EW$2:$EW$34,'_Confronto_Data'!$EP$2:$EP$34,$B$56,'_Confronto_Data'!$EQ$2:$EQ$34,$A96)) -> 0 | G96: =IF($B$56="","",SUMIFS('_Confronto_Data'!$EX$2:$EX$34,'_Confronto_Data'!$EP$2:$EP$34,$B$56,'_Confronto_Data'!$EQ$2:$EQ$34,$A96)) -> 0 | H96: {=IF($B$56="","",_xlfn.XLOOKUP($B$56&"|"&$A96,'_Confronto_Data'!$FC$2:$FC$34,'_Confronto_Data'!$FD$2:$FD$34,""))} -> 0 | I96: =IF($D$56="","",SUMIFS('_Confronto_Data'!$EV$2:$EV$34,'_Confronto_Data'!$EP$2:$EP$34,$D$56,'_Confronto_Data'!$EQ$2:$EQ$34,$A96)) -> 0 | J96: =IF($D$56="","",SUMIFS('_Confronto_Data'!$EW$2:$EW$34,'_Confronto_Data'!$EP$2:$EP$34,$D$56,'_Confronto_Data'!$EQ$2:$EQ$34,$A96)) -> 0 | K96: =IF($D$56="","",SUMIFS('_Confronto_Data'!$EX$2:$EX$34,'_Confronto_Data'!$EP$2:$EP$34,$D$56,'_Confronto_Data'!$EQ$2:$EQ$34,$A96)) -> 0 | L96: {=IF($D$56="","",_xlfn.XLOOKUP($D$56&"|"&$A96,'_Confronto_Data'!$FC$2:$FC$34,'_Confronto_Data'!$FD$2:$FD$34,""))} -> 0
A97: 9 | B97: {=_xlfn.XLOOKUP(A97,'_Confronto_Data'!$FO$2:$FO$19,'_Confronto_Data'!$FP$2:$FP$19,"")} -> 0 | C97: {=_xlfn.XLOOKUP(A97,'_Confronto_Data'!$FO$2:$FO$19,'_Confronto_Data'!$FQ$2:$FQ$19,"")} -> 0 | D97: {=_xlfn.XLOOKUP(A97,'_Confronto_Data'!$FO$2:$FO$19,'_Confronto_Data'!$FR$2:$FR$19,"")} -> 0 | E97: =IF($B$56="","",SUMIFS('_Confronto_Data'!$EV$2:$EV$34,'_Confronto_Data'!$EP$2:$EP$34,$B$56,'_Confronto_Data'!$EQ$2:$EQ$34,$A97)) -> 0 | F97: =IF($B$56="","",SUMIFS('_Confronto_Data'!$EW$2:$EW$34,'_Confronto_Data'!$EP$2:$EP$34,$B$56,'_Confronto_Data'!$EQ$2:$EQ$34,$A97)) -> 0 | G97: =IF($B$56="","",SUMIFS('_Confronto_Data'!$EX$2:$EX$34,'_Confronto_Data'!$EP$2:$EP$34,$B$56,'_Confronto_Data'!$EQ$2:$EQ$34,$A97)) -> 0 | H97: {=IF($B$56="","",_xlfn.XLOOKUP($B$56&"|"&$A97,'_Confronto_Data'!$FC$2:$FC$34,'_Confronto_Data'!$FD$2:$FD$34,""))} -> 0 | I97: =IF($D$56="","",SUMIFS('_Confronto_Data'!$EV$2:$EV$34,'_Confronto_Data'!$EP$2:$EP$34,$D$56,'_Confronto_Data'!$EQ$2:$EQ$34,$A97)) -> 0 | J97: =IF($D$56="","",SUMIFS('_Confronto_Data'!$EW$2:$EW$34,'_Confronto_Data'!$EP$2:$EP$34,$D$56,'_Confronto_Data'!$EQ$2:$EQ$34,$A97)) -> 0 | K97: =IF($D$56="","",SUMIFS('_Confronto_Data'!$EX$2:$EX$34,'_Confronto_Data'!$EP$2:$EP$34,$D$56,'_Confronto_Data'!$EQ$2:$EQ$34,$A97)) -> 0 | L97: {=IF($D$56="","",_xlfn.XLOOKUP($D$56&"|"&$A97,'_Confronto_Data'!$FC$2:$FC$34,'_Confronto_Data'!$FD$2:$FD$34,""))} -> 0
A98: 10 | B98: {=_xlfn.XLOOKUP(A98,'_Confronto_Data'!$FO$2:$FO$19,'_Confronto_Data'!$FP$2:$FP$19,"")} -> 0 | C98: {=_xlfn.XLOOKUP(A98,'_Confronto_Data'!$FO$2:$FO$19,'_Confronto_Data'!$FQ$2:$FQ$19,"")} -> 0 | D98: {=_xlfn.XLOOKUP(A98,'_Confronto_Data'!$FO$2:$FO$19,'_Confronto_Data'!$FR$2:$FR$19,"")} -> 0 | E98: =IF($B$56="","",SUMIFS('_Confronto_Data'!$EV$2:$EV$34,'_Confronto_Data'!$EP$2:$EP$34,$B$56,'_Confronto_Data'!$EQ$2:$EQ$34,$A98)) -> 0 | F98: =IF($B$56="","",SUMIFS('_Confronto_Data'!$EW$2:$EW$34,'_Confronto_Data'!$EP$2:$EP$34,$B$56,'_Confronto_Data'!$EQ$2:$EQ$34,$A98)) -> 0 | G98: =IF($B$56="","",SUMIFS('_Confronto_Data'!$EX$2:$EX$34,'_Confronto_Data'!$EP$2:$EP$34,$B$56,'_Confronto_Data'!$EQ$2:$EQ$34,$A98)) -> 0 | H98: {=IF($B$56="","",_xlfn.XLOOKUP($B$56&"|"&$A98,'_Confronto_Data'!$FC$2:$FC$34,'_Confronto_Data'!$FD$2:$FD$34,""))} -> 0 | I98: =IF($D$56="","",SUMIFS('_Confronto_Data'!$EV$2:$EV$34,'_Confronto_Data'!$EP$2:$EP$34,$D$56,'_Confronto_Data'!$EQ$2:$EQ$34,$A98)) -> 0 | J98: =IF($D$56="","",SUMIFS('_Confronto_Data'!$EW$2:$EW$34,'_Confronto_Data'!$EP$2:$EP$34,$D$56,'_Confronto_Data'!$EQ$2:$EQ$34,$A98)) -> 0 | K98: =IF($D$56="","",SUMIFS('_Confronto_Data'!$EX$2:$EX$34,'_Confronto_Data'!$EP$2:$EP$34,$D$56,'_Confronto_Data'!$EQ$2:$EQ$34,$A98)) -> 0 | L98: {=IF($D$56="","",_xlfn.XLOOKUP($D$56&"|"&$A98,'_Confronto_Data'!$FC$2:$FC$34,'_Confronto_Data'!$FD$2:$FD$34,""))} -> 0
A99: 11 | B99: {=_xlfn.XLOOKUP(A99,'_Confronto_Data'!$FO$2:$FO$19,'_Confronto_Data'!$FP$2:$FP$19,"")} -> 0 | C99: {=_xlfn.XLOOKUP(A99,'_Confronto_Data'!$FO$2:$FO$19,'_Confronto_Data'!$FQ$2:$FQ$19,"")} -> 0 | D99: {=_xlfn.XLOOKUP(A99,'_Confronto_Data'!$FO$2:$FO$19,'_Confronto_Data'!$FR$2:$FR$19,"")} -> 0 | E99: =IF($B$56="","",SUMIFS('_Confronto_Data'!$EV$2:$EV$34,'_Confronto_Data'!$EP$2:$EP$34,$B$56,'_Confronto_Data'!$EQ$2:$EQ$34,$A99)) -> 0 | F99: =IF($B$56="","",SUMIFS('_Confronto_Data'!$EW$2:$EW$34,'_Confronto_Data'!$EP$2:$EP$34,$B$56,'_Confronto_Data'!$EQ$2:$EQ$34,$A99)) -> 0 | G99: =IF($B$56="","",SUMIFS('_Confronto_Data'!$EX$2:$EX$34,'_Confronto_Data'!$EP$2:$EP$34,$B$56,'_Confronto_Data'!$EQ$2:$EQ$34,$A99)) -> 0 | H99: {=IF($B$56="","",_xlfn.XLOOKUP($B$56&"|"&$A99,'_Confronto_Data'!$FC$2:$FC$34,'_Confronto_Data'!$FD$2:$FD$34,""))} -> 0 | I99: =IF($D$56="","",SUMIFS('_Confronto_Data'!$EV$2:$EV$34,'_Confronto_Data'!$EP$2:$EP$34,$D$56,'_Confronto_Data'!$EQ$2:$EQ$34,$A99)) -> 0 | J99: =IF($D$56="","",SUMIFS('_Confronto_Data'!$EW$2:$EW$34,'_Confronto_Data'!$EP$2:$EP$34,$D$56,'_Confronto_Data'!$EQ$2:$EQ$34,$A99)) -> 0 | K99: =IF($D$56="","",SUMIFS('_Confronto_Data'!$EX$2:$EX$34,'_Confronto_Data'!$EP$2:$EP$34,$D$56,'_Confronto_Data'!$EQ$2:$EQ$34,$A99)) -> 0 | L99: {=IF($D$56="","",_xlfn.XLOOKUP($D$56&"|"&$A99,'_Confronto_Data'!$FC$2:$FC$34,'_Confronto_Data'!$FD$2:$FD$34,""))} -> 0
A100: 12 | B100: {=_xlfn.XLOOKUP(A100,'_Confronto_Data'!$FO$2:$FO$19,'_Confronto_Data'!$FP$2:$FP$19,"")} -> 0 | C100: {=_xlfn.XLOOKUP(A100,'_Confronto_Data'!$FO$2:$FO$19,'_Confronto_Data'!$FQ$2:$FQ$19,"")} -> 0 | D100: {=_xlfn.XLOOKUP(A100,'_Confronto_Data'!$FO$2:$FO$19,'_Confronto_Data'!$FR$2:$FR$19,"")} -> 0 | E100: =IF($B$56="","",SUMIFS('_Confronto_Data'!$EV$2:$EV$34,'_Confronto_Data'!$EP$2:$EP$34,$B$56,'_Confronto_Data'!$EQ$2:$EQ$34,$A100)) -> 0 | F100: =IF($B$56="","",SUMIFS('_Confronto_Data'!$EW$2:$EW$34,'_Confronto_Data'!$EP$2:$EP$34,$B$56,'_Confronto_Data'!$EQ$2:$EQ$34,$A100)) -> 0 | G100: =IF($B$56="","",SUMIFS('_Confronto_Data'!$EX$2:$EX$34,'_Confronto_Data'!$EP$2:$EP$34,$B$56,'_Confronto_Data'!$EQ$2:$EQ$34,$A100)) -> 0 | H100: {=IF($B$56="","",_xlfn.XLOOKUP($B$56&"|"&$A100,'_Confronto_Data'!$FC$2:$FC$34,'_Confronto_Data'!$FD$2:$FD$34,""))} -> 0 | I100: =IF($D$56="","",SUMIFS('_Confronto_Data'!$EV$2:$EV$34,'_Confronto_Data'!$EP$2:$EP$34,$D$56,'_Confronto_Data'!$EQ$2:$EQ$34,$A100)) -> 0 | J100: =IF($D$56="","",SUMIFS('_Confronto_Data'!$EW$2:$EW$34,'_Confronto_Data'!$EP$2:$EP$34,$D$56,'_Confronto_Data'!$EQ$2:$EQ$34,$A100)) -> 0 | K100: =IF($D$56="","",SUMIFS('_Confronto_Data'!$EX$2:$EX$34,'_Confronto_Data'!$EP$2:$EP$34,$D$56,'_Confronto_Data'!$EQ$2:$EQ$34,$A100)) -> 0 | L100: {=IF($D$56="","",_xlfn.XLOOKUP($D$56&"|"&$A100,'_Confronto_Data'!$FC$2:$FC$34,'_Confronto_Data'!$FD$2:$FD$34,""))} -> 0
... A106: 18 | B106: {=_xlfn.XLOOKUP(A106,'_Confronto_Data'!$FO$2:$FO$19,'_Confronto_Data'!$FP$2:$FP$19,"")} -> 0 | C106: {=_xlfn.XLOOKUP(A106,'_Confronto_Data'!$FO$2:$FO$19,'_Confronto_Data'!$FQ$2:$FQ$19,"")} -> 0 | D106: {=_xlfn.XLOOKUP(A106,'_Confronto_Data'!$FO$2:$FO$19,'_Confronto_Data'!$FR$2:$FR$19,"")} -> 0 | E106: =IF($B$56="","",SUMIFS('_Confronto_Data'!$EV$2:$EV$34,'_Confronto_Data'!$EP$2:$EP$34,$B$56,'_Confronto_Data'!$EQ$2:$EQ$34,$A106)) -> 0 | F106: =IF($B$56="","",SUMIFS('_Confronto_Data'!$EW$2:$EW$34,'_Confronto_Data'!$EP$2:$EP$34,$B$56,'_Confronto_Data'!$EQ$2:$EQ$34,$A106)) -> 0 | G106: =IF($B$56="","",SUMIFS('_Confronto_Data'!$EX$2:$EX$34,'_Confronto_Data'!$EP$2:$EP$34,$B$56,'_Confronto_Data'!$EQ$2:$EQ$34,$A106)) -> 0 | H106: {=IF($B$56="","",_xlfn.XLOOKUP($B$56&"|"&$A106,'_Confronto_Data'!$FC$2:$FC$34,'_Confronto_Data'!$FD$2:$FD$34,""))} -> 0 | I106: =IF($D$56="","",SUMIFS('_Confronto_Data'!$EV$2:$EV$34,'_Confronto_Data'!$EP$2:$EP$34,$D$56,'_Confronto_Data'!$EQ$2:$EQ$34,$A106)) -> 0 | J106: =IF($D$56="","",SUMIFS('_Confronto_Data'!$EW$2:$EW$34,'_Confronto_Data'!$EP$2:$EP$34,$D$56,'_Confronto_Data'!$EQ$2:$EQ$34,$A106)) -> 0 | K106: =IF($D$56="","",SUMIFS('_Confronto_Data'!$EX$2:$EX$34,'_Confronto_Data'!$EP$2:$EP$34,$D$56,'_Confronto_Data'!$EQ$2:$EQ$34,$A106)) -> 0 | L106: {=IF($D$56="","",_xlfn.XLOOKUP($D$56&"|"&$A106,'_Confronto_Data'!$FC$2:$FC$34,'_Confronto_Data'!$FD$2:$FD$34,""))} -> 0
A108: Note
A109: I portieri hanno una partita giocata stimata solo se registrano almeno una tra parata > 0 o gol_subito > 0.
A110: Il secondo giocatore/portiere puo' essere lasciato vuoto: le tabelle restano leggibili per analisi singola.

Sheet _Confronto_Data
A1: nome_movimento | C1: nome_portiere | F1: giocatore | G1: nome_standard | H1: ruolo | I1: ruolo_macro | J1: mano | K1: ruolo_base | L1: ruolo_label | M1: jolly | N1: ruoli_jolly | O1: note_ruolo | P1: partite_nel_foglio | Q1: partite_giocate_stimate | R1: gol_tot | S1: gol_media | T1: assist_tot | U1: assist_media | V1: tiri_tot | W1: tiri_media | X1: palla_rubata_tot | Y1: palla_rubata_media | Z1: et_pos_tot | AA1: et_pos_media | AB1: tr_pos_tot | AC1: tr_pos_media | AD1: parata_tot | AE1: parata_media | AF1: et_neg_tot | AG1: et_neg_media | AH1: tr_neg_tot | AI1: tr_neg_media | AJ1: palla_persa_tot | AK1: palla_persa_media | AL1: gol_subito_tot | AM1: gol_subito_media | AN1: controfallo_tot | AO1: controfallo_media | AP1: errore_tot | AQ1: errore_media | AR1: pct_parate_media | AS1: pct_tiri_media | AT1: pct_tiri_stagionale | AU1: partite_con_eventi | AV1: valutazione_totale | AW1: valutazione_grezza_totale | AX1: valutazione_media | AY1: valutazione_grezza_media | AZ1: indice_valutazione_0_100 | BI1: giocatore | BJ1: nome_standard | BK1: ruolo | BL1: ruolo_macro | BM1: mano | BN1: ruolo_base | BO1: ruolo_label | BP1: jolly | BQ1: ruoli_jolly | BR1: note_ruolo | BS1: partite_nel_foglio | BT1: partite_giocate_stimate | BU1: gol_tot | BV1: gol_media | BW1: assist_tot | BX1: assist_media | BY1: tiri_tot | BZ1: tiri_media | CA1: palla_rubata_tot | CB1: palla_rubata_media | CC1: et_pos_tot | CD1: et_pos_media | CE1: tr_pos_tot | CF1: tr_pos_media | CG1: parata_tot | CH1: parata_media | CI1: et_neg_tot | CJ1: et_neg_media | CK1: tr_neg_tot | CL1: tr_neg_media | CM1: palla_persa_tot | CN1: palla_persa_media | CO1: gol_subito_tot | CP1: gol_subito_media | CQ1: controfallo_tot | CR1: controfallo_media | CS1: errore_tot | CT1: errore_media | CU1: pct_parate_media | CV1: pct_tiri_media | CW1: pct_tiri_stagionale | CX1: partite_con_eventi | CY1: valutazione_totale | CZ1: valutazione_grezza_totale | DA1: valutazione_media | DB1: valutazione_grezza_media | DC1: indice_valutazione_0_100 | DL1: giocatore | DM1: giornata | DN1: data | DO1: avversario | DP1: casa_trasferta | DQ1: gol | DR1: assist | DS1: tiri | DT1: pct_tiri | DU1: palla_rubata | DV1: palla_persa | DW1: et_pos | DX1: et_neg | DY1: tr_pos | DZ1: tr_neg | EA1: controfallo | EB1: errore | EC1: valutazione_finale | EP1: giocatore | EQ1: giornata | ER1: data | ES1: avversario | ET1: casa_trasferta | EU1: partita_giocata_stimata_portiere | EV1: parata | EW1: gol_subito | EX1: pct_parate | EY1: assist | EZ1: errore | FA1: valutazione_finale | FC1: played_key | FD1: played_flag | FO1: giornata | FP1: data | FQ1: avversario | FR1: casa_trasferta
A2: BIGA | C2: FRANCHI | F2: BIGA | G2: BIGA | H2: movimento | I2: movimento | J2: D | K2: 4-5 | L2: mano-buona | M2: SI | N2: 1,2,4,5 | O2: principalmente 1,2,4,5 | P2: 14 | R2: 16 | S2: 1.142857 | T2: 17 | U2: 1.214286 | V2: 33 | W2: 2.357143 | X2: 11 | Y2: 0.785714 | Z2: 5 | AA2: 0.357143 | AB2: 3 | AC2: 0.214286 | AD2: 4 | AE2: 0.285714 | AF2: 6 | AG2: 0.428571 | AH2: 1 | AI2: 0.071429 | AJ2: 10 | AK2: 0.714286 | AL2: 0 | AM2: 0 | AN2: 4 | AO2: 0.285714 | AP2: 16 | AQ2: 1.142857 | AR2: 1 | AS2: 0.391026 | AT2: 0.484848 | AU2: 14 | AV2: 117 | AW2: 117 | AX2: 8.357143 | AY2: 8.357143 | AZ2: 45.36 | BI2: FRANCHI | BJ2: FRANCHI | BK2: portiere | BL2: portiere | BM2: D | BN2: GK | BO2: portiere | BP2: NO | BS2: 3 | BT2: 2 | BU2: 0 | BV2: 0 | BW2: 2 | BX2: 0.666667 | BY2: 0 | BZ2: 0 | CA2: 0 | CB2: 0 | CC2: 0 | CD2: 0 | CE2: 0 | CF2: 0 | CG2: 4 | CH2: 2 | CI2: 0 | CJ2: 0 | CK2: 0 | CL2: 0 | CM2: 0 | CN2: 0 | CO2: 5 | CP2: 2.5 | CQ2: 0 | CR2: 0 | CS2: 0 | CT2: 0 | CU2: 0.45 | CX2: 3 | CY2: 3 | CZ2: 3 | DA2: 1.5 | DB2: 1.5 | DC2: 100 | DL2: GULLO | DM2: 2 | DN2: 2026-01-17 | DO2: PN Milano 1 | DP2: Trasferta | DQ2: 1 | DR2: 1 | DS2: 4 | DV2: 2 | DX2: 1 | EA2: 1 | EC2: 1.5 | EP2: LUCA BOLO | EQ2: 2 | ER2: 2026-01-17 | ES2: PN Milano 1 | ET2: Trasferta | EU2: SI | EV2: 9 | EW2: 11 | EY2: 1 | EZ2: 0.45 | FA2: -3.9 | FC2: LUCA BOLO|2 | FD2: SI | FO2: 1 | FP2: 2026-01-10 | FQ2: Project Sport | FR2: Casa
A3: BOBBOX | C3: LUCA BOLO | F3: BOBBOX | G3: BOBBOX | H3: movimento | I3: movimento | J3: D | K3: 3 | L3: marcatore del centro | M3: NO | P3: 16 | R3: 3 | S3: 0.1875 | T3: 14 | U3: 0.875 | V3: 20 | W3: 1.25 | X3: 7 | Y3: 0.4375 | Z3: 4 | AA3: 0.25 | AB3: 1 | AC3: 0.0625 | AD3: 4 | AE3: 0.25 | AF3: 15 | AG3: 0.9375 | AH3: 3 | AI3: 0.1875 | AJ3: 11 | AK3: 0.6875 | AL3: 0 | AM3: 0 | AN3: 5 | AO3: 0.3125 | AP3: 7 | AQ3: 0.4375 | AR3: 0 | AS3: 0.133333 | AT3: 0.15 | AU3: 16 | AV3: 5.5 | AW3: 5.5 | AX3: 0.34375 | AY3: 0.34375 | AZ3: 5.54 | BI3: LUCA BOLO | BJ3: LUCA BOLO | BK3: portiere | BL3: portiere | BM3: D | BN3: GK | BO3: portiere | BP3: NO | BS3: 14 | BT3: 9 | BU3: 0 | BV3: 0 | BW3: 6 | BX3: 0.428571 | BY3: 0 | BZ3: 0 | CA3: 2 | CB3: 0.142857 | CC3: 0 | CD3: 0 | CE3: 0 | CF3: 0 | CG3: 54 | CH3: 6 | CI3: 1 | CJ3: 0.071429 | CK3: 0 | CL3: 0 | CM3: 1 | CN3: 0.071429 | CO3: 73 | CP3: 8.111111 | CQ3: 0 | CR3: 0 | CS3: 4.45 | CT3: 0.494444 | CU3: 0.372448 | CX3: 14 | CY3: -47.9 | CZ3: -47.9 | DA3: -5.322222 | DB3: -5.322222 | DC3: 0 | DL3: CRIVE A. | DM3: 2 | DN3: 2026-01-17 | DO3: PN Milano 1 | DP3: Trasferta | DQ3: 4 | DR3: 0 | DS3: 6 | DU3: 1 | DV3: 2 | DW3: 2 | DY3: 1 | EA3: 2 | EC3: 25 | EP3: SANTA | EQ3: 2 | ER3: 2026-01-17 | ES3: PN Milano 1 | ET3: Trasferta | EU3: NO | EV3: 0 | EW3: 0 | EZ3: 0 | FA3: 0 | FC3: SANTA|2 | FD3: NO | FO3: 2 | FP3: 2026-01-17 | FQ3: PN Milano 1 | FR3: Trasferta
A4: BOBBY | C4: SANTA | F4: BOBBY | G4: BOBBY | H4: movimento | I4: movimento | J4: D | K4: 4-5 | L4: mano-buona | M4: SI | N4: 4,5,6 | O4: jolly | P4: 16 | R4: 36 | S4: 2.25 | T4: 19 | U4: 1.1875 | V4: 85 | W4: 5.3125 | X4: 18 | Y4: 1.125 | Z4: 16 | AA4: 1 | AB4: 3 | AC4: 0.1875 | AD4: 9 | AE4: 0.5625 | AF4: 15 | AG4: 0.9375 | AH4: 0 | AI4: 0 | AJ4: 10 | AK4: 0.625 | AL4: 0 | AM4: 0 | AN4: 11 | AO4: 0.6875 | AP4: 12 | AQ4: 0.75 | AR4: 0 | AS4: 0.401337 | AT4: 0.423529 | AU4: 16 | AV4: 270 | AW4: 270 | AX4: 16.875 | AY4: 16.875 | AZ4: 100 | BI4: SANTA | BJ4: SANTA | BK4: portiere | BL4: portiere | BM4: S | BN4: GK | BO4: portiere | BP4: NO | BS4: 16 | BT4: 12 | BU4: 0 | BV4: 0 | BW4: 4 | BX4: 0.25 | BY4: 0 | BZ4: 0 | CA4: 0 | CB4: 0 | CC4: 0 | CD4: 0 | CE4: 0 | CF4: 0 | CG4: 82 | CH4: 6.833333 | CI4: 0 | CJ4: 0 | CK4: 0 | CL4: 0 | CM4: 0 | CN4: 0 | CO4: 86 | CP4: 7.166667 | CQ4: 0 | CR4: 0 | CS4: 3 | CT4: 0.25 | CU4: 0.43914 | CX4: 16 | CY4: -6 | CZ4: -6 | DA4: -0.5 | DB4: -0.5 | DC4: 82.32 | DL4: CRIVE L. | DM4: 2 | DN4: 2026-01-17 | DO4: PN Milano 1 | DP4: Trasferta | DR4: 3 | DS4: 1 | DU4: 1 | EA4: 1 | EC4: 9.5 | EP4: LUCA BOLO | EQ4: 3 | ER4: 2026-01-24 | ES4: CN Sestri | ET4: Casa | EU4: SI | EV4: 8 | EW4: 10 | EX4: 0.444444 | EY4: 1 | FA4: -3 | FC4: LUCA BOLO|3 | FD4: SI | FO4: 3 | FP4: 2026-01-24 | FQ4: CN Sestri | FR4: Casa
A5: CAVALLI | F5: CAVALLI | G5: CAVALLI | H5: movimento | I5: movimento | J5: D | K5: 6 | L5: centroboa | M5: NO | P5: 1 | R5: 1 | S5: 1 | T5: 0 | U5: 0 | V5: 3 | W5: 3 | X5: 0 | Y5: 0 | Z5: 0 | AA5: 0 | AB5: 1 | AC5: 1 | AD5: 0 | AE5: 0 | AF5: 0 | AG5: 0 | AH5: 0 | AI5: 0 | AJ5: 0 | AK5: 0 | AL5: 0 | AM5: 0 | AN5: 0 | AO5: 0 | AP5: 0 | AQ5: 0 | AS5: 0.333333 | AT5: 0.333333 | AU5: 1 | AV5: 9.5 | AW5: 9.5 | AX5: 9.5 | AY5: 9.5 | AZ5: 6.96 | DL5: ZENO | DM5: 2 | DN5: 2026-01-17 | DO5: PN Milano 1 | DP5: Trasferta | DQ5: 4 | DR5: 1 | DS5: 9 | DU5: 1 | DV5: 2 | DX5: 2 | EC5: 20.5 | EP5: SANTA | EQ5: 3 | ER5: 2026-01-24 | ES5: CN Sestri | ET5: Casa | EU5: NO | EX5: 0 | FA5: 0 | FC5: SANTA|3 | FD5: NO | FO5: 4 | FP5: 2026-01-31 | FQ5: SG Andrea Doria | FR5: Trasferta
A6: CRIVE A. | F6: CRIVE A. | G6: CRIVE A. | H6: movimento | I6: movimento | J6: D | K6: 6 | L6: centroboa | M6: SI | N6: 3,4,5,6 | O6: jolly | P6: 15 | R6: 22 | S6: 1.466667 | T6: 11 | U6: 0.733333 | V6: 51 | W6: 3.4 | X6: 9 | Y6: 0.6 | Z6: 33 | AA6: 2.2 | AB6: 8 | AC6: 0.533333 | AD6: 2 | AE6: 0.133333 | AF6: 12 | AG6: 0.8 | AH6: 0 | AI6: 0 | AJ6: 5 | AK6: 0.333333 | AL6: 0 | AM6: 0 | AN6: 15 | AO6: 1 | AP6: 15 | AQ6: 1 | AR6: 0.666667 | AS6: 0.382143 | AT6: 0.431373 | AU6: 15 | AV6: 195 | AW6: 195 | AX6: 13 | AY6: 13 | AZ6: 73.21 | DL6: NOA | DM6: 2 | DN6: 2026-01-17 | DO6: PN Milano 1 | DP6: Trasferta | EC6: 0 | EP6: LUCA BOLO | EQ6: 4 | ER6: 2026-01-31 | ES6: SG Andrea Doria | ET6: Trasferta | EU6: SI | EV6: 6 | EW6: 10 | EX6: 0.375 | EY6: 1 | FA6: -7 | FC6: LUCA BOLO|4 | FD6: SI | FO6: 5 | FP6: 2026-02-07 | FQ6: Busto PN | FR6: Casa
A7: CRIVE L. | F7: CRIVE L. | G7: CRIVE L. | H7: movimento | I7: movimento | J7: D | K7: 1-2 | L7: mano-cattiva | M7: NO | P7: 16 | R7: 4 | S7: 0.25 | T7: 20 | U7: 1.25 | V7: 20 | W7: 1.25 | X7: 8 | Y7: 0.5 | Z7: 7 | AA7: 0.4375 | AB7: 4 | AC7: 0.25 | AD7: 1 | AE7: 0.0625 | AF7: 11 | AG7: 0.6875 | AH7: 3 | AI7: 0.1875 | AJ7: 11 | AK7: 0.6875 | AL7: 0 | AM7: 0 | AN7: 4 | AO7: 0.25 | AP7: 7 | AQ7: 0.4375 | AR7: 0 | AS7: 0.094444 | AT7: 0.2 | AU7: 16 | AV7: 56 | AW7: 56 | AX7: 3.5 | AY7: 3.5 | AZ7: 23.57 | DL7: BIGA | DM7: 2 | DN7: 2026-01-17 | DO7: PN Milano 1 | DP7: Trasferta | DQ7: 2 | DR7: 1 | DS7: 2 | DU7: 3 | DV7: 3 | DX7: 1 | EC7: 11.5 | EP7: SANTA | EQ7: 4 | ER7: 2026-01-31 | ES7: SG Andrea Doria | ET7: Trasferta | EU7: NO | EX7: 0 | FA7: 0 | FC7: SANTA|4 | FD7: NO | FO7: 6 | FP7: 2026-02-14 | FQ7: Onda Blu Dalmine | FR7: Trasferta
A8: DONATO | F8: DONATO | G8: DONATO | H8: movimento | I8: movimento | J8: S | K8: 1-2 | L8: mano-cattiva | M8: NO | P8: 15 | R8: 15 | S8: 1 | T8: 7 | U8: 0.466667 | V8: 40 | W8: 2.666667 | X8: 17 | Y8: 1.133333 | Z8: 8 | AA8: 0.533333 | AB8: 4 | AC8: 0.266667 | AD8: 3 | AE8: 0.2 | AF8: 9 | AG8: 0.6 | AH8: 0 | AI8: 0 | AJ8: 13 | AK8: 0.866667 | AL8: 0 | AM8: 0 | AN8: 7 | AO8: 0.466667 | AP8: 3 | AQ8: 0.2 | AR8: 1 | AS8: 0.373299 | AT8: 0.375 | AU8: 15 | AV8: 116.5 | AW8: 116.5 | AX8: 7.766667 | AY8: 7.766667 | AZ8: 45.18 | DL8: BOBBY | DM8: 2 | DN8: 2026-01-17 | DO8: PN Milano 1 | DP8: Trasferta | DR8: 1 | DW8: 1 | DX8: 3 | EC8: -2 | EP8: LUCA BOLO | EQ8: 5 | ER8: 2026-02-07 | ES8: Busto PN | ET8: Casa | EU8: SI | EV8: 5 | EW8: 10 | EX8: 0.333333 | EZ8: 2 | FA8: -19 | FC8: LUCA BOLO|5 | FD8: SI | FO8: 7 | FP8: 2026-02-21 | FQ8: Bocconi Sport Team | FR8: Casa
A9: GULLO | F9: GULLO | G9: GULLO | H9: movimento | I9: movimento | J9: D | K9: 3 | L9: marcatore del centro | M9: SI | N9: 3,6 | O9: jolly | P9: 15 | R9: 16 | S9: 1.066667 | T9: 7 | U9: 0.466667 | V9: 46 | W9: 3.066667 | X9: 14 | Y9: 0.933333 | Z9: 22 | AA9: 1.466667 | AB9: 7 | AC9: 0.466667 | AD9: 6 | AE9: 0.4 | AF9: 25 | AG9: 1.666667 | AH9: 0 | AI9: 0 | AJ9: 13 | AK9: 0.866667 | AL9: 0 | AM9: 0 | AN9: 8 | AO9: 0.533333 | AP9: 9 | AQ9: 0.6 | AR9: 0.25 | AS9: 0.351361 | AT9: 0.347826 | AU9: 15 | AV9: 111.5 | AW9: 111.5 | AX9: 7.433333 | AY9: 7.433333 | AZ9: 43.39 | DL9: STERI | DM9: 2 | DN9: 2026-01-17 | DO9: PN Milano 1 | DP9: Trasferta | DQ9: 2 | DR9: 1 | DS9: 3 | DV9: 1 | DW9: 3 | DY9: 3 | EC9: 29 | EP9: SANTA | EQ9: 5 | ER9: 2026-02-07 | ES9: Busto PN | ET9: Casa | EU9: SI | EV9: 4 | EW9: 3 | EX9: 0.571429 | FA9: 3 | FC9: SANTA|5 | FD9: SI | FO9: 8 | FP9: 2026-02-28 | FQ9: PN Como | FR9: Trasferta
A10: MAPELLI | F10: MAPELLI | G10: MAPELLI | H10: movimento | I10: movimento | J10: D | K10: 4-5 | L10: mano-buona | M10: NO | P10: 1 | R10: 0 | S10: 0 | T10: 0 | U10: 0 | V10: 0 | W10: 0 | X10: 0 | Y10: 0 | Z10: 0 | AA10: 0 | AB10: 0 | AC10: 0 | AD10: 0 | AE10: 0 | AF10: 0 | AG10: 0 | AH10: 0 | AI10: 0 | AJ10: 0 | AK10: 0 | AL10: 0 | AM10: 0 | AN10: 0 | AO10: 0 | AP10: 0 | AQ10: 0 | AS10: 0 | AU10: 1 | AV10: 0 | AW10: 0 | AX10: 0 | AY10: 0 | AZ10: 3.57 | DL10: BOBBOX | DM10: 2 | DN10: 2026-01-17 | DO10: PN Milano 1 | DP10: Trasferta | DR10: 1 | DV10: 1 | DY10: 1 | EC10: 4 | EP10: LUCA BOLO | EQ10: 6 | ER10: 2026-02-14 | ES10: Onda Blu Dalmine | ET10: Trasferta | EU10: SI | EV10: 5 | EW10: 8 | EX10: 0.384615 | EZ10: 1 | FA10: -9 | FC10: LUCA BOLO|6 | FD10: SI | FO10: 9 | FP10: 2026-03-07 | FQ10: WP Novara | FR10: Casa
A11: NOA | F11: NOA | G11: NOA | H11: movimento | I11: movimento | J11: D | K11: 1-2 | L11: mano-cattiva | M11: NO | P11: 13 | R11: 10 | S11: 0.769231 | T11: 12 | U11: 0.923077 | V11: 26 | W11: 2 | X11: 9 | Y11: 0.692308 | Z11: 4 | AA11: 0.307692 | AB11: 1 | AC11: 0.076923 | AD11: 1 | AE11: 0.076923 | AF11: 5 | AG11: 0.384615 | AH11: 1 | AI11: 0.076923 | AJ11: 7 | AK11: 0.538462 | AL11: 0 | AM11: 0 | AN11: 4 | AO11: 0.307692 | AP11: 5 | AQ11: 0.384615 | AR11: 0 | AS11: 0.333333 | AT11: 0.384615 | AU11: 13 | AV11: 83.5 | AW11: 83.5 | AX11: 6.423077 | AY11: 6.423077 | AZ11: 33.39 | DL11: DONATO | DM11: 2 | DN11: 2026-01-17 | DO11: PN Milano 1 | DP11: Trasferta | DQ11: 1 | DS11: 1 | DU11: 1 | DV11: 3 | DX11: 1 | EA11: 1 | EC11: -3 | EP11: SANTA | EQ11: 6 | ER11: 2026-02-14 | ES11: Onda Blu Dalmine | ET11: Trasferta | EU11: SI | EV11: 2 | EW11: 5 | EX11: 0.285714 | FA11: -9 | FC11: SANTA|6 | FD11: SI | FO11: 10 | FP11: 2026-04-21 | FQ11: Project Sport | FR11: Trasferta
A12: PASQUA | F12: PASQUA | G12: PASQUA | H12: movimento | I12: movimento | J12: D | K12: 1-2 | L12: mano-cattiva | M12: NO | P12: 10 | R12: 0 | S12: 0 | T12: 1 | U12: 0.1 | V12: 3 | W12: 0.3 | X12: 2 | Y12: 0.2 | Z12: 1 | AA12: 0.1 | AB12: 0 | AC12: 0 | AD12: 2 | AE12: 0.2 | AF12: 4 | AG12: 0.4 | AH12: 1 | AI12: 0.1 | AJ12: 1 | AK12: 0.1 | AL12: 0 | AM12: 0 | AN12: 2 | AO12: 0.2 | AP12: 2 | AQ12: 0.2 | AR12: 0 | AS12: 0 | AT12: 0 | AU12: 10 | AV12: -10 | AW12: -10 | AX12: -1 | AY12: -1 | AZ12: 0 | DL12: SOLDI | DM12: 2 | DN12: 2026-01-17 | DO12: PN Milano 1 | DP12: Trasferta | DU12: 1 | DX12: 1 | DY12: 1 | EC12: 2.5 | EP12: LUCA BOLO | EQ12: 7 | ER12: 2026-02-21 | ES12: Bocconi Sport Team | ET12: Casa | EU12: SI | EV12: 12 | EW12: 11 | EX12: 0.521739 | EY12: 1 | FA12: 6 | FC12: LUCA BOLO|7 | FD12: SI | FO12: 11 | FP12: 2026-03-21 | FQ12: PN Milano 1 | FR12: Casa
A13: POPOVIC | F13: POPOVIC | G13: POPOVIC | H13: movimento | I13: movimento | J13: D | K13: 4-5 | L13: mano-buona | M13: NO | P13: 14 | R13: 11 | S13: 0.785714 | T13: 4 | U13: 0.285714 | V13: 27 | W13: 1.928571 | X13: 4 | Y13: 0.285714 | Z13: 2 | AA13: 0.142857 | AB13: 2 | AC13: 0.142857 | AD13: 2 | AE13: 0.142857 | AF13: 11 | AG13: 0.785714 | AH13: 1 | AI13: 0.071429 | AJ13: 4 | AK13: 0.285714 | AL13: 0 | AM13: 0 | AN13: 0 | AO13: 0 | AP13: 8 | AQ13: 0.571429 | AR13: 0 | AS13: 0.358974 | AT13: 0.407407 | AU13: 14 | AV13: 47 | AW13: 47 | AX13: 3.357143 | AY13: 3.357143 | AZ13: 20.36 | DL13: POPOVIC | DM13: 2 | DN13: 2026-01-17 | DO13: PN Milano 1 | DP13: Trasferta | DS13: 1 | EC13: 0.5 | EP13: SANTA | EQ13: 7 | ER13: 2026-02-21 | ES13: Bocconi Sport Team | ET13: Casa | EU13: NO | EX13: 0 | FA13: 0 | FC13: SANTA|7 | FD13: NO | FO13: 12 | FP13: 2026-03-28 | FQ13: CN Sestri | FR13: Trasferta
A14: SERGIO | F14: SERGIO | G14: SERGIO | H14: movimento | I14: movimento | J14: D | K14: 3 | L14: marcatore del centro | M14: NO | P14: 1 | R14: 0 | S14: 0 | T14: 1 | U14: 1 | V14: 0 | W14: 0 | X14: 0 | Y14: 0 | Z14: 0 | AA14: 0 | AB14: 0 | AC14: 0 | AD14: 0 | AE14: 0 | AF14: 0 | AG14: 0 | AH14: 0 | AI14: 0 | AJ14: 0 | AK14: 0 | AL14: 0 | AM14: 0 | AN14: 1 | AO14: 1 | AP14: 1 | AQ14: 1 | AS14: 0 | AU14: 1 | AV14: -1 | AW14: -1 | AX14: -1 | AY14: -1 | AZ14: 3.21 | DL14: PASQUA | DM14: 2 | DN14: 2026-01-17 | DO14: PN Milano 1 | DP14: Trasferta | DS14: 1 | DU14: 1 | DW14: 1 | DX14: 1 | EA14: 2 | EC14: -1.5 | EP14: SANTA | EQ14: 8 | ER14: 2026-02-28 | ES14: PN Como | ET14: Trasferta | EU14: SI | EV14: 10 | EW14: 9 | EX14: 0.526316 | FA14: 3 | FC14: SANTA|8 | FD14: SI | FO14: 13 | FP14: 2026-04-11 | FQ14: SG Andrea Doria | FR14: Casa
A15: SOLDI | F15: SOLDI | G15: SOLDI | H15: movimento | I15: movimento | J15: D | K15: 1-2 | L15: mano-cattiva | M15: NO | P15: 16 | R15: 1 | S15: 0.0625 | T15: 14 | U15: 0.875 | V15: 14 | W15: 0.875 | X15: 4 | Y15: 0.25 | Z15: 3 | AA15: 0.1875 | AB15: 5 | AC15: 0.3125 | AD15: 2 | AE15: 0.125 | AF15: 6 | AG15: 0.375 | AH15: 0 | AI15: 0 | AJ15: 2 | AK15: 0.125 | AL15: 0 | AM15: 0 | AN15: 2 | AO15: 0.125 | AP15: 6 | AQ15: 0.375 | AR15: 0 | AS15: 0.033333 | AT15: 0.071429 | AU15: 16 | AV15: 51.5 | AW15: 51.5 | AX15: 3.21875 | AY15: 3.21875 | AZ15: 21.96 | DL15: GULLO | DM15: 3 | DN15: 2026-01-24 | DO15: CN Sestri | DP15: Casa | DS15: 2 | DT15: 0 | DU15: 1 | DW15: 1 | DX15: 2 | EC15: 0.5 | EP15: FRANCHI | EQ15: 8 | ER15: 2026-02-28 | ES15: PN Como | ET15: Trasferta | EU15: NO | EX15: 0 | FA15: 0 | FC15: FRANCHI|8 | FD15: NO | FO15: 14 | FP15: 2026-04-18 | FQ15: Busto PN | FR15: Trasferta
A16: STERI | F16: STERI | G16: STERI | H16: movimento | I16: movimento | J16: D | K16: 6 | L16: centroboa | M16: NO | P16: 15 | R16: 19 | S16: 1.266667 | T16: 4 | U16: 0.266667 | V16: 33 | W16: 2.2 | X16: 5 | Y16: 0.333333 | Z16: 32 | AA16: 2.133333 | AB16: 7 | AC16: 0.466667 | AD16: 6 | AE16: 0.4 | AF16: 8 | AG16: 0.533333 | AH16: 0 | AI16: 0 | AJ16: 9 | AK16: 0.6 | AL16: 0 | AM16: 0 | AN16: 14 | AO16: 0.933333 | AP16: 5 | AQ16: 0.333333 | AR16: 0.666667 | AS16: 0.458333 | AT16: 0.575758 | AU16: 15 | AV16: 164.5 | AW16: 164.5 | AX16: 10.966667 | AY16: 10.966667 | AZ16: 62.32 | DL16: CRIVE A. | DM16: 3 | DN16: 2026-01-24 | DO16: CN Sestri | DP16: Casa | DQ16: 2 | DR16: 1 | DS16: 4 | DT16: 0.5 | DU16: 1 | DW16: 1 | DX16: 1 | EB16: 1 | EC16: 15 | EP16: LUCA BOLO | EQ16: 9 | ER16: 2026-03-07 | ES16: WP Novara | ET16: Casa | EU16: SI | EV16: 0 | EW16: 3 | EX16: 0 | EZ16: 1 | FA16: -11 | FC16: LUCA BOLO|9 | FD16: SI | FO16: 15 | FP16: 2026-05-09 | FQ16: Onda Blu Dalmine | FR16: Casa
A17: ZENO | F17: ZENO | G17: ZENO | H17: movimento | I17: movimento | J17: D | K17: 4-5 | L17: mano-buona | M17: NO | P17: 16 | R17: 57 | S17: 3.5625 | T17: 6 | U17: 0.375 | V17: 118 | W17: 7.375 | X17: 12 | Y17: 0.75 | Z17: 6 | AA17: 0.375 | AB17: 3 | AC17: 0.1875 | AD17: 4 | AE17: 0.25 | AF17: 17 | AG17: 1.0625 | AH17: 2 | AI17: 0.125 | AJ17: 21 | AK17: 1.3125 | AL17: 0 | AM17: 0 | AN17: 8 | AO17: 0.5 | AP17: 21 | AQ17: 1.3125 | AR17: 0.444444 | AS17: 0.500387 | AT17: 0.483051 | AU17: 16 | AV17: 265.5 | AW17: 265.5 | AX17: 16.59375 | AY17: 16.59375 | AZ17: 98.39 | DL17: CRIVE L. | DM17: 3 | DN17: 2026-01-24 | DO17: CN Sestri | DP17: Casa | DQ17: 1 | DR17: 2 | DS17: 4 | DT17: 0.25 | DU17: 1 | DX17: 2 | DY17: 1 | EB17: 1 | EC17: 11 | EP17: SANTA | EQ17: 9 | ER17: 2026-03-07 | ES17: WP Novara | ET17: Casa | EU17: SI | EV17: 8 | EW17: 7 | EX17: 0.533333 | EZ17: 1 | FA17: 1 | FC17: SANTA|9 | FD17: SI | FO17: 16 | FP17: 2026-05-16 | FQ17: Bocconi Sport Team | FR17: Trasferta
DL18: ZENO | DM18: 3 | DN18: 2026-01-24 | DO18: CN Sestri | DP18: Casa | DQ18: 3 | DR18: 1 | DS18: 5 | DT18: 0.6 | DX18: 1 | DZ18: 1 | EA18: 2 | EB18: 2 | EC18: 7 | EP18: SANTA | EQ18: 11 | ER18: 2026-03-21 | ES18: PN Milano 1 | ET18: Casa | EU18: SI | EV18: 7 | EW18: 9 | EX18: 0.4375 | EZ18: 1 | FA18: -8 | FC18: SANTA|11 | FD18: SI | FO18: 17 | FP18: 2026-05-23 | FQ18: PN Como | FR18: Casa
DL19: BIGA | DM19: 3 | DN19: 2026-01-24 | DO19: CN Sestri | DP19: Casa | DQ19: 1 | DS19: 1 | DT19: 1 | DU19: 1 | DW19: 1 | DY19: 1 | EB19: 3 | EC19: 7 | EP19: FRANCHI | EQ19: 11 | ER19: 2026-03-21 | ES19: PN Milano 1 | ET19: Casa | EU19: SI | EV19: 2 | EW19: 3 | EX19: 0.4 | FA19: -3 | FC19: FRANCHI|11 | FD19: SI | FO19: 18 | FP19: 2026-05-30 | FQ19: WP Novara | FR19: Trasferta
DL20: BOBBY | DM20: 3 | DN20: 2026-01-24 | DO20: CN Sestri | DP20: Casa | DQ20: 5 | DR20: 1 | DS20: 9 | DT20: 0.555556 | DU20: 4 | DW20: 1 | DX20: 1 | EA20: 2 | EB20: 2 | EC20: 32.5 | EP20: LUCA BOLO | EQ20: 13 | ER20: 2026-04-11 | ES20: SG Andrea Doria | ET20: Casa | EU20: SI | EV20: 3 | EW20: 5 | EX20: 0.375 | EY20: 1 | FA20: -3 | FC20: LUCA BOLO|13 | FD20: SI
DL21: STERI | DM21: 3 | DN21: 2026-01-24 | DO21: CN Sestri | DP21: Casa | DQ21: 1 | DS21: 2 | DT21: 0.5 | DW21: 1 | DX21: 1 | EA21: 1 | EC21: 4 | EP21: SANTA | EQ21: 13 | ER21: 2026-04-11 | ES21: SG Andrea Doria | ET21: Casa | EU21: SI | EV21: 3 | EW21: 3 | EX21: 0.5 | FA21: 0 | FC21: SANTA|13 | FD21: SI
DL22: BOBBOX | DM22: 3 | DN22: 2026-01-24 | DO22: CN Sestri | DP22: Casa | DS22: 3 | DT22: 0 | DU22: 1 | DZ22: 2 | EA22: 1 | EC22: -4.5 | EP22: LUCA BOLO | EQ22: 14 | ER22: 2026-04-18 | ES22: Busto PN | ET22: Trasferta | EU22: NO | EX22: 0 | FA22: 0 | FC22: LUCA BOLO|14 | FD22: NO
DL23: DONATO | DM23: 3 | DN23: 2026-01-24 | DO23: CN Sestri | DP23: Casa | DQ23: 2 | DR23: 2 | DS23: 3 | DT23: 0.666667 | DU23: 3 | DV23: 1 | DX23: 2 | EC23: 16.5 | EP23: SANTA | EQ23: 14 | ER23: 2026-04-18 | ES23: Busto PN | ET23: Trasferta | EU23: SI | EV23: 10 | EW23: 11 | EX23: 0.47619 | EY23: 2 | FA23: 3 | FC23: SANTA|14 | FD23: SI
DL24: SOLDI | DM24: 3 | DN24: 2026-01-24 | DO24: CN Sestri | DP24: Casa | DR24: 2 | DS24: 1 | DT24: 0 | EC24: 6.5 | EP24: LUCA BOLO | EQ24: 10 | ER24: 2026-04-21 | ES24: Project Sport | ET24: Trasferta | EU24: SI | EV24: 6 | EW24: 5 | EX24: 0.545455 | EY24: 1 | FA24: 2 | FC24: LUCA BOLO|10 | FD24: SI
DL25: POPOVIC | DM25: 3 | DN25: 2026-01-24 | DO25: CN Sestri | DP25: Casa | DT25: 0 | DX25: 2 | EC25: -5 | EP25: SANTA | EQ25: 10 | ER25: 2026-04-21 | ES25: Project Sport | ET25: Trasferta | EU25: SI | EW25: 1 | EX25: 0 | FA25: -3 | FC25: SANTA|10 | FD25: SI
DL26: PASQUA | DM26: 3 | DN26: 2026-01-24 | DO26: CN Sestri | DP26: Casa | DS26: 2 | DT26: 0 | DZ26: 1 | EC26: -2 | EP26: FRANCHI | EQ26: 10 | ER26: 2026-04-21 | ES26: Project Sport | ET26: Trasferta | EU26: SI | EV26: 2 | EW26: 2 | EX26: 0.5 | EY26: 2 | FA26: 6 | FC26: FRANCHI|10 | FD26: SI
DL27: GULLO | DM27: 4 | DN27: 2026-01-31 | DO27: SG Andrea Doria | DP27: Trasferta | DQ27: 1 | DS27: 3 | DT27: 0.333333 | DU27: 2 | EC27: 10.5 | EP27: LUCA BOLO | EQ27: 15 | ER27: 2026-05-09 | ES27: Onda Blu Dalmine | ET27: Casa | EU27: NO | EX27: 0 | FA27: 0 | FC27: LUCA BOLO|15 | FD27: NO
DL28: CRIVE A. | DM28: 4 | DN28: 2026-01-31 | DO28: SG Andrea Doria | DP28: Trasferta | DT28: 0 | DV28: 1 | DW28: 1 | DY28: 3 | EA28: 2 | EB28: 1 | EC28: 3.5 | EP28: SANTA | EQ28: 15 | ER28: 2026-05-09 | ES28: Onda Blu Dalmine | ET28: Casa | EU28: SI | EV28: 6 | EW28: 8 | EX28: 0.428571 | EY28: 2 | FA28: 0 | FC28: SANTA|15 | FD28: SI
DL29: CRIVE L. | DM29: 4 | DN29: 2026-01-31 | DO29: SG Andrea Doria | DP29: Trasferta | DR29: 1 | DS29: 2 | DT29: 0 | EC29: 4 | EP29: LUCA BOLO | EQ29: 16 | ER29: 2026-05-16 | ES29: Bocconi Sport Team | ET29: Trasferta | EU29: NO | EX29: 0 | FA29: 0 | FC29: LUCA BOLO|16 | FD29: NO
DL30: ZENO | DM30: 4 | DN30: 2026-01-31 | DO30: SG Andrea Doria | DP30: Trasferta | DQ30: 7 | DS30: 11 | DT30: 0.636364 | DU30: 1 | DV30: 3 | DX30: 1 | DY30: 1 | EB30: 1 | EC30: 35 | EP30: SANTA | EQ30: 16 | ER30: 2026-05-16 | ES30: Bocconi Sport Team | ET30: Trasferta | EU30: SI | EV30: 9 | EW30: 12 | EX30: 0.428571 | EZ30: 1 | FA30: -11 | FC30: SANTA|16 | FD30: SI
DL31: NOA | DM31: 4 | DN31: 2026-01-31 | DO31: SG Andrea Doria | DP31: Trasferta | DR31: 1 | DS31: 3 | DT31: 0 | DV31: 2 | DY31: 1 | EB31: 1 | EC31: 1.5 | EP31: LUCA BOLO | EQ31: 17 | ER31: 2026-05-23 | ES31: PN Como | ET31: Casa | EU31: NO | EX31: 0 | FA31: 0 | FC31: LUCA BOLO|17 | FD31: NO
DL32: BIGA | DM32: 4 | DN32: 2026-01-31 | DO32: SG Andrea Doria | DP32: Trasferta | DT32: 0 | DU32: 2 | DV32: 2 | DX32: 1 | EB32: 1 | EC32: -4.5 | EP32: SANTA | EQ32: 17 | ER32: 2026-05-23 | ES32: PN Como | ET32: Casa | EU32: SI | EV32: 16 | EW32: 10 | EX32: 0.615385 | FA32: 18 | FC32: SANTA|17 | FD32: SI
DL33: BOBBY | DM33: 4 | DN33: 2026-01-31 | DO33: SG Andrea Doria | DP33: Trasferta | DQ33: 1 | DR33: 1 | DS33: 4 | DT33: 0.25 | DU33: 1 | DW33: 2 | DY33: 1 | EA33: 3 | EC33: 14 | EP33: LUCA BOLO | EQ33: 18 | ER33: 2026-05-30 | ES33: WP Novara | ET33: Trasferta | EU33: NO | EX33: 0 | FA33: 0 | FC33: LUCA BOLO|18 | FD33: NO
DL34: STERI | DM34: 4 | DN34: 2026-01-31 | DO34: SG Andrea Doria | DP34: Trasferta | DQ34: 2 | DS34: 4 | DT34: 0.5 | EA34: 2 | EC34: 8 | EP34: SANTA | EQ34: 18 | ER34: 2026-05-30 | ES34: WP Novara | ET34: Trasferta | EU34: SI | EV34: 7 | EW34: 8 | EX34: 0.466667 | FA34: -3 | FC34: SANTA|18 | FD34: SI
DL35: BOBBOX | DM35: 4 | DN35: 2026-01-31 | DO35: SG Andrea Doria | DP35: Trasferta | DQ35: 1 | DR35: 2 | DS35: 1 | DT35: 1 | DV35: 1 | DX35: 2 | EC35: 4.5
DL36: DONATO | DM36: 4 | DN36: 2026-01-31 | DO36: SG Andrea Doria | DP36: Trasferta | DS36: 3 | DT36: 0 | DU36: 2 | EC36: 5.5
DL37: SOLDI | DM37: 4 | DN37: 2026-01-31 | DO37: SG Andrea Doria | DP37: Trasferta | DS37: 2 | DT37: 0 | EB37: 1 | EC37: -1
DL38: POPOVIC | DM38: 4 | DN38: 2026-01-31 | DO38: SG Andrea Doria | DP38: Trasferta | DQ38: 1 | DS38: 1 | DT38: 1 | DX38: 1 | EB38: 1 | EC38: 1
DL39: PASQUA | DM39: 4 | DN39: 2026-01-31 | DO39: SG Andrea Doria | DP39: Trasferta | DT39: 0 | EC39: 0
DL40: GULLO | DM40: 5 | DN40: 2026-02-07 | DO40: Busto PN | DP40: Casa | DQ40: 1 | DS40: 2 | DT40: 0.5 | DV40: 1 | DW40: 2 | DX40: 1 | EB40: 2 | EC40: 2.5
DL41: CRIVE A. | DM41: 5 | DN41: 2026-02-07 | DO41: Busto PN | DP41: Casa | DQ41: 1 | DR41: 1 | DS41: 2 | DT41: 0.5 | DW41: 1 | DY41: 1 | EB41: 1 | EC41: 12.5
DL42: CRIVE L. | DM42: 5 | DN42: 2026-02-07 | DO42: Busto PN | DP42: Casa | DR42: 1 | DS42: 1 | DT42: 0 | DV42: 2 | DZ42: 1 | EB42: 2 | EC42: -7.5
DL43: ZENO | DM43: 5 | DN43: 2026-02-07 | DO43: Busto PN | DP43: Casa | DQ43: 5 | DS43: 10 | DT43: 0.5 | DV43: 3 | DW43: 1 | EB43: 3 | EC43: 20.5
DL44: NOA | DM44: 5 | DN44: 2026-02-07 | DO44: Busto PN | DP44: Casa | DS44: 1 | DT44: 0 | DV44: 1 | DX44: 1 | EB44: 1 | EC44: -6
DL45: BIGA | DM45: 5 | DN45: 2026-02-07 | DO45: Busto PN | DP45: Casa | DR45: 1 | DS45: 1 | DT45: 0 | DV45: 1 | DW45: 2 | DX45: 2 | EB45: 1 | EC45: -0.5
DL46: BOBBY | DM46: 5 | DN46: 2026-02-07 | DO46: Busto PN | DP46: Casa | DQ46: 2 | DR46: 2 | DS46: 5 | DT46: 0.4 | DW46: 1 | DX46: 2 | EA46: 1 | EC46: 14
DL47: STERI | DM47: 5 | DN47: 2026-02-07 | DO47: Busto PN | DP47: Casa | DQ47: 1 | DS47: 3 | DT47: 0.333333 | DV47: 2 | DW47: 7 | EA47: 1 | EB47: 1 | EC47: 16
DL48: BOBBOX | DM48: 5 | DN48: 2026-02-07 | DO48: Busto PN | DP48: Casa | DT48: 0 | DV48: 1 | DX48: 1 | EB48: 1 | EC48: -6.5
DL49: DONATO | DM49: 5 | DN49: 2026-02-07 | DO49: Busto PN | DP49: Casa | DQ49: 1 | DS49: 3 | DT49: 0.333333 | DU49: 1 | DV49: 1 | EB49: 1 | EC49: 4.5
DL50: SOLDI | DM50: 5 | DN50: 2026-02-07 | DO50: Busto PN | DP50: Casa | DR50: 3 | DS50: 2 | DT50: 0 | DW50: 1 | EA50: 1 | EC50: 10.5
DL51: POPOVIC | DM51: 5 | DN51: 2026-02-07 | DO51: Busto PN | DP51: Casa | DS51: 1 | DT51: 0 | DU51: 1 | EC51: 2.5
DL52: PASQUA | DM52: 5 | DN52: 2026-02-07 | DO52: Busto PN | DP52: Casa | DT52: 0 | EC52: 0
DL53: GULLO | DM53: 6 | DN53: 2026-02-14 | DO53: Onda Blu Dalmine | DP53: Trasferta | DT53: 0 | DV53: 2 | DW53: 1 | DX53: 3 | EB53: 1 | EC53: -11
DL54: CRIVE A. | DM54: 6 | DN54: 2026-02-14 | DO54: Onda Blu Dalmine | DP54: Trasferta | DR54: 2 | DS54: 3 | DT54: 0 | DU54: 1 | DW54: 3 | EA54: 1 | EB54: 2 | EC54: 11
DL55: CRIVE L. | DM55: 6 | DN55: 2026-02-14 | DO55: Onda Blu Dalmine | DP55: Trasferta | DT55: 0 | DV55: 2 | EA55: 1 | EC55: -6
DL56: ZENO | DM56: 6 | DN56: 2026-02-14 | DO56: Onda Blu Dalmine | DP56: Trasferta | DQ56: 4 | DS56: 7 | DT56: 0.571429 | DU56: 1 | DV56: 3 | DX56: 1 | EB56: 3 | EC56: 11
DL57: BOBBY | DM57: 6 | DN57: 2026-02-14 | DO57: Onda Blu Dalmine | DP57: Trasferta | DQ57: 1 | DR57: 1 | DS57: 8 | DT57: 0.125 | DV57: 2 | DW57: 1 | DX57: 2 | EB57: 2 | EC57: 1.5
DL58: STERI | DM58: 6 | DN58: 2026-02-14 | DO58: Onda Blu Dalmine | DP58: Trasferta | DQ58: 1 | DS58: 3 | DT58: 0.333333 | DU58: 1 | DV58: 3 | DW58: 3 | DX58: 1 | DY58: 2 | EB58: 1 | EC58: 11.5
DL59: BOBBOX | DM59: 6 | DN59: 2026-02-14 | DO59: Onda Blu Dalmine | DP59: Trasferta | DR59: 1 | DT59: 0 | DV59: 2 | DX59: 1 | DZ59: 1 | EC59: -6.5
DL60: DONATO | DM60: 6 | DN60: 2026-02-14 | DO60: Onda Blu Dalmine | DP60: Trasferta | DQ60: 1 | DS60: 4 | DT60: 0.25 | DU60: 1 | DV60: 2 | DW60: 1 | DX60: 1 | DY60: 1 | EB60: 1 | EC60: 6
DL61: SOLDI | DM61: 6 | DN61: 2026-02-14 | DO61: Onda Blu Dalmine | DP61: Trasferta | DT61: 0 | DX61: 2 | EB61: 1 | EC61: -7
DL62: POPOVIC | DM62: 6 | DN62: 2026-02-14 | DO62: Onda Blu Dalmine | DP62: Trasferta | DS62: 3 | DT62: 0 | DV62: 1 | DX62: 1 | EB62: 1 | EC62: -5
DL63: PASQUA | DM63: 6 | DN63: 2026-02-14 | DO63: Onda Blu Dalmine | DP63: Trasferta | DT63: 0 | EB63: 1 | EC63: -2
DL64: GULLO | DM64: 7 | DN64: 2026-02-21 | DO64: Bocconi Sport Team | DP64: Casa | DQ64: 1 | DS64: 2 | DT64: 0.5 | DU64: 1 | DV64: 1 | DW64: 5 | DX64: 3 | DY64: 3 | EB64: 1 | EC64: 18
DL65: CRIVE A. | DM65: 7 | DN65: 2026-02-21 | DO65: Bocconi Sport Team | DP65: Casa | DQ65: 1 | DS65: 3 | DT65: 0.333333 | DU65: 1 | DX65: 2 | EA65: 1 | EB65: 3 | EC65: -4.5
DL66: CRIVE L. | DM66: 7 | DN66: 2026-02-21 | DO66: Bocconi Sport Team | DP66: Casa | DQ66: 1 | DR66: 1 | DS66: 2 | DT66: 0.5 | DU66: 1 | DV66: 2 | DW66: 1 | DY66: 1 | EA66: 1 | EB66: 1 | EC66: 8.5
DL67: ZENO | DM67: 7 | DN67: 2026-02-21 | DO67: Bocconi Sport Team | DP67: Casa | DQ67: 2 | DR67: 1 | DS67: 7 | DT67: 0.285714 | DV67: 2 | DW67: 1 | DX67: 2 | EA67: 2 | EB67: 2 | EC67: 2
DL68: BIGA | DM68: 7 | DN68: 2026-02-21 | DO68: Bocconi Sport Team | DP68: Casa | DR68: 1 | DS68: 1 | DT68: 0 | EA68: 1 | EB68: 2 | EC68: -2.5
DL69: BOBBY | DM69: 7 | DN69: 2026-02-21 | DO69: Bocconi Sport Team | DP69: Casa | DQ69: 3 | DS69: 6 | DT69: 0.5 | DU69: 2 | DV69: 1 | DW69: 1 | DX69: 1 | EB69: 2 | EC69: 16
DL70: STERI | DM70: 7 | DN70: 2026-02-21 | DO70: Bocconi Sport Team | DP70: Casa | DS70: 1 | DT70: 0 | DV70: 1 | EB70: 1 | EC70: -3.5
DL71: BOBBOX | DM71: 7 | DN71: 2026-02-21 | DO71: Bocconi Sport Team | DP71: Casa | DR71: 2 | DS71: 1 | DT71: 0 | DV71: 1 | DW71: 1 | EB71: 2 | EC71: 3
DL72: DONATO | DM72: 7 | DN72: 2026-02-21 | DO72: Bocconi Sport Team | DP72: Casa | DQ72: 1 | DS72: 7 | DT72: 0.142857 | DU72: 1 | DV72: 1 | DY72: 2 | EB72: 1 | EC72: 12.5
DL73: SOLDI | DM73: 7 | DN73: 2026-02-21 | DO73: Bocconi Sport Team | DP73: Casa | DR73: 1 | DT73: 0 | DU73: 1 | DY73: 1 | EC73: 8
DL74: POPOVIC | DM74: 7 | DN74: 2026-02-21 | DO74: Bocconi Sport Team | DP74: Casa | DQ74: 1 | DS74: 3 | DT74: 0.333333 | DV74: 1 | EB74: 2 | EC74: 0.5
DL75: PASQUA | DM75: 7 | DN75: 2026-02-21 | DO75: Bocconi Sport Team | DP75: Casa | DT75: 0 | EC75: 0
DL76: GULLO | DM76: 8 | DN76: 2026-02-28 | DO76: PN Como | DP76: Trasferta | DQ76: 2 | DS76: 5 | DT76: 0.4 | DU76: 1 | DV76: 1 | DW76: 2 | DX76: 2 | EA76: 1 | EB76: 2 | EC76: 6.5
DL77: CRIVE A. | DM77: 8 | DN77: 2026-02-28 | DO77: PN Como | DP77: Trasferta | DR77: 2 | DS77: 3 | DT77: 0 | DU77: 1 | DV77: 1 | DW77: 7 | DX77: 1 | EB77: 1 | EC77: 20.5
DL78: CRIVE L. | DM78: 8 | DN78: 2026-02-28 | DO78: PN Como | DP78: Trasferta | DQ78: 2 | DR78: 3 | DS78: 3 | DT78: 0.666667 | DU78: 1 | DV78: 1 | DX78: 2 | EC78: 15.5
DL79: ZENO | DM79: 8 | DN79: 2026-02-28 | DO79: PN Como | DP79: Trasferta | DQ79: 2 | DS79: 8 | DT79: 0.25 | DU79: 1 | EA79: 1 | EB79: 2 | EC79: 10
DL80: NOA | DM80: 8 | DN80: 2026-02-28 | DO80: PN Como | DP80: Trasferta | DQ80: 2 | DR80: 3 | DS80: 3 | DT80: 0.666667 | DV80: 1 | EC80: 18.5
DL81: BIGA | DM81: 8 | DN81: 2026-02-28 | DO81: PN Como | DP81: Trasferta | DQ81: 2 | DR81: 2 | DS81: 4 | DT81: 0.5 | DU81: 1 | DV81: 1 | EA81: 1 | EC81: 16
DL82: BOBBY | DM82: 8 | DN82: 2026-02-28 | DO82: PN Como | DP82: Trasferta | DR82: 1 | DS82: 3 | DT82: 0 | DU82: 1 | DV82: 3 | DW82: 1 | EA82: 1 | EB82: 2 | EC82: -3
DL83: STERI | DM83: 8 | DN83: 2026-02-28 | DO83: PN Como | DP83: Trasferta | DT83: 0 | DV83: 1 | EC83: -2
DL84: BOBBOX | DM84: 8 | DN84: 2026-02-28 | DO84: PN Como | DP84: Trasferta | DT84: 0 | DX84: 1 | EB84: 1 | EC84: -4.5
DL85: DONATO | DM85: 8 | DN85: 2026-02-28 | DO85: PN Como | DP85: Trasferta | DT85: 0 | EA85: 2 | EC85: -4
DL86: SOLDI | DM86: 8 | DN86: 2026-02-28 | DO86: PN Como | DP86: Trasferta | DS86: 1 | DT86: 0 | EB86: 1 | EC86: -1.5
DL87: POPOVIC | DM87: 8 | DN87: 2026-02-28 | DO87: PN Como | DP87: Trasferta | DQ87: 2 | DS87: 3 | DT87: 0.666667 | EB87: 1 | EC87: 9.5
DL88: GULLO | DM88: 9 | DN88: 2026-03-07 | DO88: WP Novara | DP88: Casa | DQ88: 2 | DS88: 6 | DT88: 0.333333 | DU88: 1 | DV88: 2 | DW88: 1 | EB88: 1 | EC88: 11.5
DL89: CRIVE A. | DM89: 9 | DN89: 2026-03-07 | DO89: WP Novara | DP89: Casa | DQ89: 2 | DS89: 4 | DT89: 0.5 | DW89: 4 | DX89: 2 | EB89: 1 | EC89: 15
DL90: CRIVE L. | DM90: 9 | DN90: 2026-03-07 | DO90: WP Novara | DP90: Casa | DS90: 1 | DT90: 0 | DV90: 1 | DZ90: 1 | EB90: 1 | EC90: -6.5
DL91: ZENO | DM91: 9 | DN91: 2026-03-07 | DO91: WP Novara | DP91: Casa | DQ91: 1 | DS91: 8 | DT91: 0.125 | DU91: 1 | EB91: 1 | EC91: 9
DL92: NOA | DM92: 9 | DN92: 2026-03-07 | DO92: WP Novara | DP92: Casa | DT92: 0 | DU92: 1 | DX92: 1 | EC92: -0.5
DL93: BIGA | DM93: 9 | DN93: 2026-03-07 | DO93: WP Novara | DP93: Casa | DR93: 2 | DS93: 4 | DT93: 0 | DW93: 1 | DX93: 1 | DY93: 1 | EB93: 2 | EC93: 7
DL94: BOBBY | DM94: 9 | DN94: 2026-03-07 | DO94: WP Novara | DP94: Casa | DQ94: 1 | DR94: 2 | DS94: 1 | DT94: 1 | DU94: 1 | DV94: 2 | DX94: 1 | EB94: 2 | EC94: 3
DL95: STERI | DM95: 9 | DN95: 2026-03-07 | DO95: WP Novara | DP95: Casa | DR95: 1 | DT95: 0 | DW95: 2 | EB95: 1 | EC95: 6
DL96: BOBBOX | DM96: 9 | DN96: 2026-03-07 | DO96: WP Novara | DP96: Casa | DS96: 2 | DT96: 0 | DX96: 1 | EC96: -1.5
DL97: DONATO | DM97: 9 | DN97: 2026-03-07 | DO97: WP Novara | DP97: Casa | DQ97: 1 | DS97: 2 | DT97: 0.5 | DU97: 1 | DV97: 1 | EC97: 6
DL98: SOLDI | DM98: 9 | DN98: 2026-03-07 | DO98: WP Novara | DP98: Casa | DT98: 0 | EC98: 0
DL99: POPOVIC | DM99: 9 | DN99: 2026-03-07 | DO99: WP Novara | DP99: Casa | DQ99: 1 | DR99: 1 | DS99: 3 | DT99: 0.333333 | DU99: 1 | DX99: 2 | EB99: 2 | EC99: 2.5
DL100: GULLO | DM100: 11 | DN100: 2026-03-21 | DO100: PN Milano 1 | DP100: Casa | DQ100: 2 | DS100: 7 | DT100: 0.285714 | DV100: 2 | DW100: 2 | EA100: 1 | EB100: 1 | EC100: 10.5
...

Sheet Partite
A1: match_id | B1: giornata | C1: data | D1: ora | E1: luogo | F1: avversario | G1: andata_ritorno | H1: casa_trasferta | I1: arese_gol | J1: avversario_gol | K1: esito | L1: statistiche_disponibili | M1: sheet_name_orig | N1: q1_arese | O1: q1_avversario | P1: q2_arese | Q1: q2_avversario | R1: q3_arese | S1: q3_avversario | T1: q4_arese | U1: q4_avversario | V1: parziali_quarti_disponibili
A2: G01_A_project_sport | B2: 1 | C2: 2026-01-10 | D2: 13:00 | E2: Pia Grande, Monza | F2: Project Sport | G2: A | H2: Casa | I2: 13 | J2: 10 | K2: V | L2: NO | V2: NO
A3: G02_A_pn_milano_1 | B3: 2 | C3: 2026-01-17 | D3: 20:30 | E3: Comunale, Romano di Lombardia (BG) | F3: PN Milano 1 | G3: A | H3: Trasferta | I3: 14 | J3: 11 | K3: V | L3: SI | M3: A|PN MILANO | V3: NO
A4: G03_A_cn_sestri | B4: 3 | C4: 2026-01-24 | D4: 10:00 | E4: Pia Grande, Monza | F4: CN Sestri | G4: A | H4: Casa | I4: 15 | J4: 10 | K4: V | L4: SI | M4: A|SESTRI | V4: NO
A5: G04_A_sg_andrea_doria | B5: 4 | C5: 2026-01-31 | D5: 13:00 | E5: Comunale, Sori (GE) | F5: SG Andrea Doria | G5: A | H5: Trasferta | I5: 13 | J5: 10 | K5: V | L5: SI | M5: A|DORIA | V5: NO
A6: G05_A_busto_pn | B6: 5 | C6: 2026-02-07 | D6: 19:00 | E6: Comunale, Dalmine (BG) | F6: Busto PN | G6: A | H6: Casa | I6: 11 | J6: 13 | K6: P | L6: SI | M6: A|BUSTO | V6: NO
A7: G06_A_onda_blu_dalmine | B7: 6 | C7: 2026-02-14 | D7: 21:00 | E7: Pia Grande, Monza | F7: Onda Blu Dalmine | G7: A | H7: Trasferta | I7: 7 | J7: 13 | K7: P | L7: SI | M7: A|ONDABLU | V7: NO
A8: G07_A_bocconi_sport_team | B8: 7 | C8: 2026-02-21 | D8: 21:30 | E8: Pia Grande, Monza | F8: Bocconi Sport Team | G8: A | H8: Casa | I8: 10 | J8: 11 | K8: P | L8: SI | M8: A|BOCCONI | N8: 2 | O8: 2 | P8: 4 | Q8: 2 | R8: 1 | S8: 5 | T8: 3 | U8: 1 | V8: SI
A9: G08_A_pn_como | B9: 8 | C9: 2026-02-28 | D9: 18:30 | E9: Comunale, Cantu' (CO) | F9: PN Como | G9: A | H9: Trasferta | I9: 12 | J9: 9 | K9: V | L9: SI | M9: A|PNCOMO | N9: 3 | O9: 1 | P9: 2 | Q9: 3 | R9: 4 | S9: 3 | T9: 3 | U9: 2 | V9: SI
A10: G09_A_wp_novara | B10: 9 | C10: 2026-03-07 | D10: 10:30 | E10: Lido Azzurro, Varedo (MB) | F10: WP Novara | G10: A | H10: Casa | I10: 8 | J10: 10 | K10: P | L10: SI | M10: A|NOVARA | N10: 3 | O10: 3 | P10: 2 | Q10: 2 | R10: 1 | S10: 2 | T10: 2 | U10: 3 | V10: SI
A11: G10_R_project_sport | B11: 10 | C11: 2026-04-21 | D11: 20:00 | E11: A. Quadri, Treviglio (BG) | F11: Project Sport | G11: R | H11: Trasferta | I11: 23 | J11: 8 | K11: V | L11: SI | M11: R|PROJECT | N11: 6 | O11: 0 | P11: 5 | Q11: 4 | R11: 3 | S11: 2 | T11: 9 | U11: 2 | V11: SI
A12: G11_R_pn_milano_1 | B12: 11 | C12: 2026-03-21 | D12: 21:30 | E12: Pia Grande, Monza | F12: PN Milano 1 | G12: R | H12: Casa | I12: 16 | J12: 12 | K12: V | L12: SI | M12: R|PN MILANO | N12: 4 | O12: 1 | P12: 4 | Q12: 4 | R12: 6 | S12: 2 | T12: 2 | U12: 5 | V12: SI
A13: G12_R_cn_sestri | B13: 12 | C13: 2026-03-28 | D13: 19:30 | E13: Mameli (Voltri), Genova | F13: CN Sestri | G13: R | H13: Trasferta | I13: 8 | J13: 8 | K13: N | L13: NO | V13: NO
A14: G13_R_sg_andrea_doria | B14: 13 | C14: 2026-04-11 | D14: 10:30 | E14: Pia Grande, Monza | F14: SG Andrea Doria | G14: R | H14: Casa | I14: 9 | J14: 8 | K14: V | L14: SI | M14: R|DORIA | N14: 2 | O14: 2 | P14: 1 | Q14: 1 | R14: 3 | S14: 2 | T14: 3 | U14: 3 | V14: SI
A15: G14_R_busto_pn | B15: 14 | C15: 2026-04-18 | D15: 17:00 | E15: Pia Grande, Monza | F15: Busto PN | G15: R | H15: Trasferta | I15: 15 | J15: 11 | K15: V | L15: SI | M15: R|BUSTO | N15: 3 | O15: 2 | P15: 4 | Q15: 2 | R15: 3 | S15: 1 | T15: 5 | U15: 6 | V15: SI
A16: G15_R_onda_blu_dalmine | B16: 15 | C16: 2026-05-09 | D16: 21:30 | E16: Pia Grande, Monza | F16: Onda Blu Dalmine | G16: R | H16: Casa | I16: 16 | J16: 8 | K16: V | L16: SI | M16: R|ONDABLU | N16: 4 | O16: 3 | P16: 4 | Q16: 3 | R16: 5 | S16: 2 | T16: 3 | U16: 0 | V16: SI
A17: G16_R_bocconi_sport_team | B17: 16 | C17: 2026-05-16 | D17: 20:45 | E17: Aquamore Bocconi SC, Milano | F17: Bocconi Sport Team | G17: R | H17: Trasferta | I17: 13 | J17: 12 | K17: V | L17: SI | M17: R|BOCCONI | N17: 3 | O17: 4 | P17: 4 | Q17: 2 | R17: 5 | S17: 3 | T17: 1 | U17: 3 | V17: SI
A18: G17_R_pn_como | B18: 17 | C18: 2026-05-23 | D18: 15:30 | E18: Pia Grande, Monza | F18: PN Como | G18: R | H18: Casa | I18: 14 | J18: 10 | K18: V | L18: SI | M18: R|PNCOMO | N18: 3 | O18: 2 | P18: 3 | Q18: 3 | R18: 4 | S18: 2 | T18: 4 | U18: 3 | V18: SI
A19: G18_R_wp_novara | B19: 18 | C19: 2026-05-30 | D19: 18:00 | E19: CS Terdoppio, Novara | F19: WP Novara | G19: R | H19: Trasferta | I19: 15 | J19: 8 | K19: V | L19: SI | M19: R|NOVARA | N19: 3 | O19: 2 | P19: 3 | Q19: 2 | R19: 6 | S19: 2 | T19: 2 | U19: 2 | V19: SI

Sheet Squadra_Stagione
A1: Sintesi stagione | B1: Valore
A2: Partite totali | B2: 18
A3: Vittorie | B3: 13
A4: Pareggi | B4: 1
A5: Sconfitte | B5: 4
A6: Gol fatti | B6: 232
A7: Gol subiti | B7: 182
A8: Differenza reti | B8: 50
A9: Media gol fatti | B9: 12.888889
A10: Media gol subiti | B10: 10.111111
A11: Partite con statistiche | B11: 16
A12: Partite senza statistiche | B12: 2
A14: Split | B14: Partite | C14: V | D14: N | E14: P | F14: GF | G14: GS
A15: Casa | B15: 9 | C15: 6 | D15: 0 | E15: 3 | F15: 112 | G15: 92
A16: Trasferta | B16: 9 | C16: 7 | D16: 1 | E16: 1 | F16: 120 | G16: 90
A17: Andata | B17: 9 | C17: 5 | D17: 0 | E17: 4 | F17: 103 | G17: 97
A18: Ritorno | B18: 9 | C18: 8 | D18: 1 | E18: 0 | F18: 129 | G18: 85
A20: Andamento per giornata | B20: Esito | C20: GF | D20: GS | E20: Avversario
A21: 1 | B21: V | C21: 13 | D21: 10 | E21: Project Sport
A22: 2 | B22: V | C22: 14 | D22: 11 | E22: PN Milano 1
A23: 3 | B23: V | C23: 15 | D23: 10 | E23: CN Sestri
A24: 4 | B24: V | C24: 13 | D24: 10 | E24: SG Andrea Doria
A25: 5 | B25: P | C25: 11 | D25: 13 | E25: Busto PN
A26: 6 | B26: P | C26: 7 | D26: 13 | E26: Onda Blu Dalmine
A27: 7 | B27: P | C27: 10 | D27: 11 | E27: Bocconi Sport Team
A28: 8 | B28: V | C28: 12 | D28: 9 | E28: PN Como
A29: 9 | B29: P | C29: 8 | D29: 10 | E29: WP Novara
A30: 10 | B30: V | C30: 23 | D30: 8 | E30: Project Sport
A31: 11 | B31: V | C31: 16 | D31: 12 | E31: PN Milano 1
A32: 12 | B32: N | C32: 8 | D32: 8 | E32: CN Sestri
... A38: 18 | B38: V | C38: 15 | D38: 8 | E38: WP Novara
A40: Rendimento quarti | B40: GF Arese | C40: GS Arese | D40: Diff
A41: Q1 | B41: 36 | C41: 22 | D41: 14
A42: Q2 | B42: 36 | C42: 28 | D42: 8
A43: Q3 | B43: 41 | C43: 26 | D43: 15
A44: Q4 | B44: 37 | C44: 30 | D44: 7

Sheet Squadra_Partita
A1: match_id | B1: giornata | C1: data | D1: avversario | E1: casa_trasferta | F1: esito | G1: gol_fatti | H1: gol_subiti | I1: gol_plus | J1: gol_minus | K1: tr_plus_team | L1: tr_minus_team | M1: palla_al_centro | N1: pct_et_pos | O1: pct_et_neg | P1: pct_tr_pos | Q1: pct_tr_neg | R1: precisione_tiro_loro | S1: precisione_tiro_noi | T1: tiri_fuori_loro | U1: pali_loro | V1: controf_a_favore
A2: G02_A_pn_milano_1 | B2: 2 | C2: 2026-01-17 | D2: PN Milano 1 | E2: Trasferta | F2: V | G2: 14 | H2: 11 | I2: 2 | J2: 1 | K2: 4 | L2: 0 | M2: 1
A3: G03_A_cn_sestri | B3: 3 | C3: 2026-01-24 | D3: CN Sestri | E3: Casa | F3: V | G3: 15 | H3: 10 | I3: 1 | J3: 4 | K3: 2 | L3: 3 | M3: 2
A4: G04_A_sg_andrea_doria | B4: 4 | C4: 2026-01-31 | D4: SG Andrea Doria | E4: Trasferta | F4: V | G4: 13 | H4: 10 | I4: 0 | J4: 0 | K4: 5 | L4: 0 | M4: 2
A5: G05_A_busto_pn | B5: 5 | C5: 2026-02-07 | D5: Busto PN | E5: Casa | F5: P | G5: 11 | H5: 13 | I5: 5 | J5: 2 | K5: 1 | L5: 1 | M5: 3 | N5: 0.333333 | O5: 0.285714 | P5: 1 | Q5: 1 | R5: 0.185185 | S5: 0.354839 | T5: 8 | U5: 4
A6: G06_A_onda_blu_dalmine | B6: 6 | C6: 2026-02-14 | D6: Onda Blu Dalmine | E6: Trasferta | F6: P | G6: 7 | H6: 13 | I6: 1 | J6: 4 | K6: 2 | L6: 1 | M6: 3 | N6: 0.111111 | O6: 0.333333 | P6: 0.666667 | Q6: 1 | R6: 0.25 | S6: 0.25 | T6: 5 | U6: 2
A7: G07_A_bocconi_sport_team | B7: 7 | C7: 2026-02-21 | D7: Bocconi Sport Team | E7: Casa | F7: P | G7: 10 | H7: 11 | I7: 1 | J7: 2 | K7: 4 | L7: 0 | M7: 2 | N7: 0.111111 | O7: 0.25 | P7: 0.571429 | Q7: 0 | R7: 0.413793 | S7: 0.30303 | T7: 3 | U7: 3
A8: G08_A_pn_como | B8: 8 | C8: 2026-02-28 | D8: PN Como | E8: Trasferta | F8: V | G8: 12 | H8: 9 | I8: 7 | J8: 2 | K8: 0 | L8: 0 | M8: 2 | N8: 0.7 | O8: 0.333333 | P8: 0 | Q8: 0 | R8: 0.285714 | S8: 0.363636 | T8: 10 | U8: 6 | V8: 7
A9: G09_A_wp_novara | B9: 9 | C9: 2026-03-07 | D9: WP Novara | E9: Casa | F9: P | G9: 8 | H9: 10 | I9: 5 | J9: 4 | K9: 1 | L9: 1 | M9: 3 | N9: 0.625 | O9: 0.5 | P9: 1 | Q9: 1 | R9: 0.266667 | S9: 0.258065 | T9: 9 | U9: 3 | V9: 2
A10: G10_R_project_sport | B10: 10 | C10: 2026-04-21 | D10: Project Sport | E10: Trasferta | F10: V | G10: 23 | H10: 8 | I10: 1 | J10: 5 | K10: 2 | M10: 4 | N10: 0.2 | O10: 0.384615 | P10: 1 | Q10: 0 | R10: 0.228571 | S10: 0.676471 | T10: 5 | U10: 5 | V10: 4
A11: G11_R_pn_milano_1 | B11: 11 | C11: 2026-03-21 | D11: PN Milano 1 | E11: Casa | F11: V | G11: 16 | H11: 12 | I11: 4 | J11: 2 | K11: 2 | L11: 0 | M11: 3 | N11: 0.333333 | O11: 0.25 | P11: 1 | Q11: 0 | R11: 0.257143 | S11: 0.470588 | T11: 8 | U11: 6 | V11: 2
A12: G13_R_sg_andrea_doria | B12: 13 | C12: 2026-04-11 | D12: SG Andrea Doria | E12: Casa | F12: V | G12: 9 | H12: 8 | I12: 4 | J12: 2 | K12: 2 | L12: 1 | M12: 1 | N12: 0.363636 | O12: 0.25 | P12: 0.666667 | Q12: 1 | R12: 0.24 | S12: 0.346154 | T12: 8 | U12: 3 | V12: 3
A13: G14_R_busto_pn | B13: 14 | C13: 2026-04-18 | D13: Busto PN | E13: Trasferta | F13: V | G13: 15 | H13: 11 | I13: 4 | J13: 3 | K13: 3 | L13: 1 | M13: 3 | N13: 0.333333 | O13: 0.25 | P13: 0.5 | Q13: 1 | R13: 0.322581 | S13: 0.375 | T13: 4 | U13: 6 | V13: 9
A14: G15_R_onda_blu_dalmine | B14: 15 | C14: 2026-05-09 | D14: Onda Blu Dalmine | E14: Casa | F14: V | G14: 16 | H14: 8 | I14: 6 | J14: 3 | K14: 2 | L14: 0 | M14: 2 | N14: 0.6 | O14: 0.25 | P14: 0.666667 | Q14: 0 | R14: 0.214286 | S14: 0.551724 | T14: 7 | U14: 2 | V14: 6
A15: G16_R_bocconi_sport_team | B15: 16 | C15: 2026-05-16 | D15: Bocconi Sport Team | E15: Trasferta | F15: V | G15: 13 | H15: 12 | I15: 2 | J15: 4 | K15: 0 | L15: 0 | M15: 0 | N15: 0.166667 | O15: 0.363636 | P15: 0 | Q15: 0 | R15: 0.28125 | S15: 0.419355 | T15: 3 | U15: 1 | V15: 8
A16: G17_R_pn_como | B16: 17 | C16: 2026-05-23 | D16: PN Como | E16: Casa | F16: V | G16: 14 | H16: 10 | I16: 1 | J16: 1 | K16: 2 | L16: 0 | M16: 4 | N16: 0.5 | O16: 0.5 | P16: 0.5 | Q16: 0 | R16: 0.410256 | S16: 0.411765 | T16: 3 | U16: 6 | V16: 2
A17: G18_R_wp_novara | B17: 18 | C17: 2026-05-30 | D17: WP Novara | E17: Trasferta | F17: V | G17: 15 | H17: 8 | I17: 6 | J17: 2 | K17: 3 | L17: 1 | M17: 3 | N17: 0.461538 | O17: 0.2 | P17: 1 | Q17: 1 | R17: 0.241379 | S17: 0.405405 | T17: 5 | U17: 5 | V17: 5

Sheet Giocatori_Stagione
A1: giocatore | B1: nome_standard | C1: ruolo | D1: ruolo_macro | E1: mano | F1: ruolo_base | G1: ruolo_label | H1: jolly | I1: ruoli_jolly | J1: note_ruolo | K1: partite_nel_foglio | L1: partite_giocate_stimate | M1: gol_tot | N1: gol_media | O1: assist_tot | P1: assist_media | Q1: tiri_tot | R1: tiri_media | S1: palla_rubata_tot | T1: palla_rubata_media | U1: et_pos_tot | V1: et_pos_media | W1: tr_pos_tot | X1: tr_pos_media | Y1: parata_tot | Z1: parata_media | AA1: et_neg_tot | AB1: et_neg_media | AC1: tr_neg_tot | AD1: tr_neg_media | AE1: palla_persa_tot | AF1: palla_persa_media | AG1: gol_subito_tot | AH1: gol_subito_media | AI1: controfallo_tot | AJ1: controfallo_media | AK1: errore_tot | AL1: errore_media | AM1: pct_parate_media | AN1: pct_tiri_media | AO1: pct_tiri_stagionale | AP1: partite_con_eventi | AQ1: valutazione_totale | AR1: valutazione_grezza_totale | AS1: valutazione_media | AT1: valutazione_grezza_media | AU1: indice_valutazione_0_100
A2: BIGA | B2: BIGA | C2: movimento | D2: movimento | E2: D | F2: 4-5 | G2: mano-buona | H2: SI | I2: 1,2,4,5 | J2: principalmente 1,2,4,5 | K2: 14 | M2: 16 | N2: 1.142857 | O2: 17 | P2: 1.214286 | Q2: 33 | R2: 2.357143 | S2: 11 | T2: 0.785714 | U2: 5 | V2: 0.357143 | W2: 3 | X2: 0.214286 | Y2: 4 | Z2: 0.285714 | AA2: 6 | AB2: 0.428571 | AC2: 1 | AD2: 0.071429 | AE2: 10 | AF2: 0.714286 | AG2: 0 | AH2: 0 | AI2: 4 | AJ2: 0.285714 | AK2: 16 | AL2: 1.142857 | AM2: 1 | AN2: 0.391026 | AO2: 0.484848 | AP2: 14 | AQ2: 117 | AR2: 117 | AS2: 8.357143 | AT2: 8.357143 | AU2: 45.36
A3: BOBBOX | B3: BOBBOX | C3: movimento | D3: movimento | E3: D | F3: 3 | G3: marcatore del centro | H3: NO | K3: 16 | M3: 3 | N3: 0.1875 | O3: 14 | P3: 0.875 | Q3: 20 | R3: 1.25 | S3: 7 | T3: 0.4375 | U3: 4 | V3: 0.25 | W3: 1 | X3: 0.0625 | Y3: 4 | Z3: 0.25 | AA3: 15 | AB3: 0.9375 | AC3: 3 | AD3: 0.1875 | AE3: 11 | AF3: 0.6875 | AG3: 0 | AH3: 0 | AI3: 5 | AJ3: 0.3125 | AK3: 7 | AL3: 0.4375 | AM3: 0 | AN3: 0.133333 | AO3: 0.15 | AP3: 16 | AQ3: 5.5 | AR3: 5.5 | AS3: 0.34375 | AT3: 0.34375 | AU3: 5.54
A4: BOBBY | B4: BOBBY | C4: movimento | D4: movimento | E4: D | F4: 4-5 | G4: mano-buona | H4: SI | I4: 4,5,6 | J4: jolly | K4: 16 | M4: 36 | N4: 2.25 | O4: 19 | P4: 1.1875 | Q4: 85 | R4: 5.3125 | S4: 18 | T4: 1.125 | U4: 16 | V4: 1 | W4: 3 | X4: 0.1875 | Y4: 9 | Z4: 0.5625 | AA4: 15 | AB4: 0.9375 | AC4: 0 | AD4: 0 | AE4: 10 | AF4: 0.625 | AG4: 0 | AH4: 0 | AI4: 11 | AJ4: 0.6875 | AK4: 12 | AL4: 0.75 | AM4: 0 | AN4: 0.401337 | AO4: 0.423529 | AP4: 16 | AQ4: 270 | AR4: 270 | AS4: 16.875 | AT4: 16.875 | AU4: 100
A5: CAVALLI | B5: CAVALLI | C5: movimento | D5: movimento | E5: D | F5: 6 | G5: centroboa | H5: NO | K5: 1 | M5: 1 | N5: 1 | O5: 0 | P5: 0 | Q5: 3 | R5: 3 | S5: 0 | T5: 0 | U5: 0 | V5: 0 | W5: 1 | X5: 1 | Y5: 0 | Z5: 0 | AA5: 0 | AB5: 0 | AC5: 0 | AD5: 0 | AE5: 0 | AF5: 0 | AG5: 0 | AH5: 0 | AI5: 0 | AJ5: 0 | AK5: 0 | AL5: 0 | AN5: 0.333333 | AO5: 0.333333 | AP5: 1 | AQ5: 9.5 | AR5: 9.5 | AS5: 9.5 | AT5: 9.5 | AU5: 6.96
A6: CRIVE A. | B6: CRIVE A. | C6: movimento | D6: movimento | E6: D | F6: 6 | G6: centroboa | H6: SI | I6: 3,4,5,6 | J6: jolly | K6: 15 | M6: 22 | N6: 1.466667 | O6: 11 | P6: 0.733333 | Q6: 51 | R6: 3.4 | S6: 9 | T6: 0.6 | U6: 33 | V6: 2.2 | W6: 8 | X6: 0.533333 | Y6: 2 | Z6: 0.133333 | AA6: 12 | AB6: 0.8 | AC6: 0 | AD6: 0 | AE6: 5 | AF6: 0.333333 | AG6: 0 | AH6: 0 | AI6: 15 | AJ6: 1 | AK6: 15 | AL6: 1 | AM6: 0.666667 | AN6: 0.382143 | AO6: 0.431373 | AP6: 15 | AQ6: 195 | AR6: 195 | AS6: 13 | AT6: 13 | AU6: 73.21
A7: CRIVE L. | B7: CRIVE L. | C7: movimento | D7: movimento | E7: D | F7: 1-2 | G7: mano-cattiva | H7: NO | K7: 16 | M7: 4 | N7: 0.25 | O7: 20 | P7: 1.25 | Q7: 20 | R7: 1.25 | S7: 8 | T7: 0.5 | U7: 7 | V7: 0.4375 | W7: 4 | X7: 0.25 | Y7: 1 | Z7: 0.0625 | AA7: 11 | AB7: 0.6875 | AC7: 3 | AD7: 0.1875 | AE7: 11 | AF7: 0.6875 | AG7: 0 | AH7: 0 | AI7: 4 | AJ7: 0.25 | AK7: 7 | AL7: 0.4375 | AM7: 0 | AN7: 0.094444 | AO7: 0.2 | AP7: 16 | AQ7: 56 | AR7: 56 | AS7: 3.5 | AT7: 3.5 | AU7: 23.57
A8: DONATO | B8: DONATO | C8: movimento | D8: movimento | E8: S | F8: 1-2 | G8: mano-cattiva | H8: NO | K8: 15 | M8: 15 | N8: 1 | O8: 7 | P8: 0.466667 | Q8: 40 | R8: 2.666667 | S8: 17 | T8: 1.133333 | U8: 8 | V8: 0.533333 | W8: 4 | X8: 0.266667 | Y8: 3 | Z8: 0.2 | AA8: 9 | AB8: 0.6 | AC8: 0 | AD8: 0 | AE8: 13 | AF8: 0.866667 | AG8: 0 | AH8: 0 | AI8: 7 | AJ8: 0.466667 | AK8: 3 | AL8: 0.2 | AM8: 1 | AN8: 0.373299 | AO8: 0.375 | AP8: 15 | AQ8: 116.5 | AR8: 116.5 | AS8: 7.766667 | AT8: 7.766667 | AU8: 45.18
A9: GULLO | B9: GULLO | C9: movimento | D9: movimento | E9: D | F9: 3 | G9: marcatore del centro | H9: SI | I9: 3,6 | J9: jolly | K9: 15 | M9: 16 | N9: 1.066667 | O9: 7 | P9: 0.466667 | Q9: 46 | R9: 3.066667 | S9: 14 | T9: 0.933333 | U9: 22 | V9: 1.466667 | W9: 7 | X9: 0.466667 | Y9: 6 | Z9: 0.4 | AA9: 25 | AB9: 1.666667 | AC9: 0 | AD9: 0 | AE9: 13 | AF9: 0.866667 | AG9: 0 | AH9: 0 | AI9: 8 | AJ9: 0.533333 | AK9: 9 | AL9: 0.6 | AM9: 0.25 | AN9: 0.351361 | AO9: 0.347826 | AP9: 15 | AQ9: 111.5 | AR9: 111.5 | AS9: 7.433333 | AT9: 7.433333 | AU9: 43.39
A10: MAPELLI | B10: MAPELLI | C10: movimento | D10: movimento | E10: D | F10: 4-5 | G10: mano-buona | H10: NO | K10: 1 | M10: 0 | N10: 0 | O10: 0 | P10: 0 | Q10: 0 | R10: 0 | S10: 0 | T10: 0 | U10: 0 | V10: 0 | W10: 0 | X10: 0 | Y10: 0 | Z10: 0 | AA10: 0 | AB10: 0 | AC10: 0 | AD10: 0 | AE10: 0 | AF10: 0 | AG10: 0 | AH10: 0 | AI10: 0 | AJ10: 0 | AK10: 0 | AL10: 0 | AN10: 0 | AP10: 1 | AQ10: 0 | AR10: 0 | AS10: 0 | AT10: 0 | AU10: 3.57
A11: NOA | B11: NOA | C11: movimento | D11: movimento | E11: D | F11: 1-2 | G11: mano-cattiva | H11: NO | K11: 13 | M11: 10 | N11: 0.769231 | O11: 12 | P11: 0.923077 | Q11: 26 | R11: 2 | S11: 9 | T11: 0.692308 | U11: 4 | V11: 0.307692 | W11: 1 | X11: 0.076923 | Y11: 1 | Z11: 0.076923 | AA11: 5 | AB11: 0.384615 | AC11: 1 | AD11: 0.076923 | AE11: 7 | AF11: 0.538462 | AG11: 0 | AH11: 0 | AI11: 4 | AJ11: 0.307692 | AK11: 5 | AL11: 0.384615 | AM11: 0 | AN11: 0.333333 | AO11: 0.384615 | AP11: 13 | AQ11: 83.5 | AR11: 83.5 | AS11: 6.423077 | AT11: 6.423077 | AU11: 33.39
A12: PASQUA | B12: PASQUA | C12: movimento | D12: movimento | E12: D | F12: 1-2 | G12: mano-cattiva | H12: NO | K12: 10 | M12: 0 | N12: 0 | O12: 1 | P12: 0.1 | Q12: 3 | R12: 0.3 | S12: 2 | T12: 0.2 | U12: 1 | V12: 0.1 | W12: 0 | X12: 0 | Y12: 2 | Z12: 0.2 | AA12: 4 | AB12: 0.4 | AC12: 1 | AD12: 0.1 | AE12: 1 | AF12: 0.1 | AG12: 0 | AH12: 0 | AI12: 2 | AJ12: 0.2 | AK12: 2 | AL12: 0.2 | AM12: 0 | AN12: 0 | AO12: 0 | AP12: 10 | AQ12: -10 | AR12: -10 | AS12: -1 | AT12: -1 | AU12: 0
A13: POPOVIC | B13: POPOVIC | C13: movimento | D13: movimento | E13: D | F13: 4-5 | G13: mano-buona | H13: NO | K13: 14 | M13: 11 | N13: 0.785714 | O13: 4 | P13: 0.285714 | Q13: 27 | R13: 1.928571 | S13: 4 | T13: 0.285714 | U13: 2 | V13: 0.142857 | W13: 2 | X13: 0.142857 | Y13: 2 | Z13: 0.142857 | AA13: 11 | AB13: 0.785714 | AC13: 1 | AD13: 0.071429 | AE13: 4 | AF13: 0.285714 | AG13: 0 | AH13: 0 | AI13: 0 | AJ13: 0 | AK13: 8 | AL13: 0.571429 | AM13: 0 | AN13: 0.358974 | AO13: 0.407407 | AP13: 14 | AQ13: 47 | AR13: 47 | AS13: 3.357143 | AT13: 3.357143 | AU13: 20.36
A14: SERGIO | B14: SERGIO | C14: movimento | D14: movimento | E14: D | F14: 3 | G14: marcatore del centro | H14: NO | K14: 1 | M14: 0 | N14: 0 | O14: 1 | P14: 1 | Q14: 0 | R14: 0 | S14: 0 | T14: 0 | U14: 0 | V14: 0 | W14: 0 | X14: 0 | Y14: 0 | Z14: 0 | AA14: 0 | AB14: 0 | AC14: 0 | AD14: 0 | AE14: 0 | AF14: 0 | AG14: 0 | AH14: 0 | AI14: 1 | AJ14: 1 | AK14: 1 | AL14: 1 | AN14: 0 | AP14: 1 | AQ14: -1 | AR14: -1 | AS14: -1 | AT14: -1 | AU14: 3.21
A15: SOLDI | B15: SOLDI | C15: movimento | D15: movimento | E15: D | F15: 1-2 | G15: mano-cattiva | H15: NO | K15: 16 | M15: 1 | N15: 0.0625 | O15: 14 | P15: 0.875 | Q15: 14 | R15: 0.875 | S15: 4 | T15: 0.25 | U15: 3 | V15: 0.1875 | W15: 5 | X15: 0.3125 | Y15: 2 | Z15: 0.125 | AA15: 6 | AB15: 0.375 | AC15: 0 | AD15: 0 | AE15: 2 | AF15: 0.125 | AG15: 0 | AH15: 0 | AI15: 2 | AJ15: 0.125 | AK15: 6 | AL15: 0.375 | AM15: 0 | AN15: 0.033333 | AO15: 0.071429 | AP15: 16 | AQ15: 51.5 | AR15: 51.5 | AS15: 3.21875 | AT15: 3.21875 | AU15: 21.96
A16: STERI | B16: STERI | C16: movimento | D16: movimento | E16: D | F16: 6 | G16: centroboa | H16: NO | K16: 15 | M16: 19 | N16: 1.266667 | O16: 4 | P16: 0.266667 | Q16: 33 | R16: 2.2 | S16: 5 | T16: 0.333333 | U16: 32 | V16: 2.133333 | W16: 7 | X16: 0.466667 | Y16: 6 | Z16: 0.4 | AA16: 8 | AB16: 0.533333 | AC16: 0 | AD16: 0 | AE16: 9 | AF16: 0.6 | AG16: 0 | AH16: 0 | AI16: 14 | AJ16: 0.933333 | AK16: 5 | AL16: 0.333333 | AM16: 0.666667 | AN16: 0.458333 | AO16: 0.575758 | AP16: 15 | AQ16: 164.5 | AR16: 164.5 | AS16: 10.966667 | AT16: 10.966667 | AU16: 62.32
A17: ZENO | B17: ZENO | C17: movimento | D17: movimento | E17: D | F17: 4-5 | G17: mano-buona | H17: NO | K17: 16 | M17: 57 | N17: 3.5625 | O17: 6 | P17: 0.375 | Q17: 118 | R17: 7.375 | S17: 12 | T17: 0.75 | U17: 6 | V17: 0.375 | W17: 3 | X17: 0.1875 | Y17: 4 | Z17: 0.25 | AA17: 17 | AB17: 1.0625 | AC17: 2 | AD17: 0.125 | AE17: 21 | AF17: 1.3125 | AG17: 0 | AH17: 0 | AI17: 8 | AJ17: 0.5 | AK17: 21 | AL17: 1.3125 | AM17: 0.444444 | AN17: 0.500387 | AO17: 0.483051 | AP17: 16 | AQ17: 265.5 | AR17: 265.5 | AS17: 16.59375 | AT17: 16.59375 | AU17: 98.39
A18: FRANCHI | B18: FRANCHI | C18: portiere | D18: portiere | E18: D | F18: GK | G18: portiere | H18: NO | K18: 3 | L18: 2 | M18: 0 | N18: 0 | O18: 2 | P18: 0.666667 | Q18: 0 | R18: 0 | S18: 0 | T18: 0 | U18: 0 | V18: 0 | W18: 0 | X18: 0 | Y18: 4 | Z18: 2 | AA18: 0 | AB18: 0 | AC18: 0 | AD18: 0 | AE18: 0 | AF18: 0 | AG18: 5 | AH18: 2.5 | AI18: 0 | AJ18: 0 | AK18: 0 | AL18: 0 | AM18: 0.45 | AP18: 3 | AQ18: 3 | AR18: 3 | AS18: 1.5 | AT18: 1.5 | AU18: 100
A19: LUCA BOLO | B19: LUCA BOLO | C19: portiere | D19: portiere | E19: D | F19: GK | G19: portiere | H19: NO | K19: 14 | L19: 9 | M19: 0 | N19: 0 | O19: 6 | P19: 0.428571 | Q19: 0 | R19: 0 | S19: 2 | T19: 0.142857 | U19: 0 | V19: 0 | W19: 0 | X19: 0 | Y19: 54 | Z19: 6 | AA19: 1 | AB19: 0.071429 | AC19: 0 | AD19: 0 | AE19: 1 | AF19: 0.071429 | AG19: 73 | AH19: 8.111111 | AI19: 0 | AJ19: 0 | AK19: 4.45 | AL19: 0.494444 | AM19: 0.372448 | AP19: 14 | AQ19: -47.9 | AR19: -47.9 | AS19: -5.322222 | AT19: -5.322222 | AU19: 0
A20: SANTA | B20: SANTA | C20: portiere | D20: portiere | E20: S | F20: GK | G20: portiere | H20: NO | K20: 16 | L20: 12 | M20: 0 | N20: 0 | O20: 4 | P20: 0.25 | Q20: 0 | R20: 0 | S20: 0 | T20: 0 | U20: 0 | V20: 0 | W20: 0 | X20: 0 | Y20: 82 | Z20: 6.833333 | AA20: 0 | AB20: 0 | AC20: 0 | AD20: 0 | AE20: 0 | AF20: 0 | AG20: 86 | AH20: 7.166667 | AI20: 0 | AJ20: 0 | AK20: 3 | AL20: 0.25 | AM20: 0.43914 | AP20: 16 | AQ20: -6 | AR20: -6 | AS20: -0.5 | AT20: -0.5 | AU20: 82.32

Sheet Portieri
A1: giocatore | B1: nome_standard | C1: ruolo | D1: ruolo_macro | E1: mano | F1: ruolo_base | G1: ruolo_label | H1: jolly | I1: ruoli_jolly | J1: note_ruolo | K1: partite_nel_foglio | L1: partite_giocate_stimate | M1: gol_tot | N1: gol_media | O1: assist_tot | P1: assist_media | Q1: tiri_tot | R1: tiri_media | S1: palla_rubata_tot | T1: palla_rubata_media | U1: et_pos_tot | V1: et_pos_media | W1: tr_pos_tot | X1: tr_pos_media | Y1: parata_tot | Z1: parata_media | AA1: et_neg_tot | AB1: et_neg_media | AC1: tr_neg_tot | AD1: tr_neg_media | AE1: palla_persa_tot | AF1: palla_persa_media | AG1: gol_subito_tot | AH1: gol_subito_media | AI1: controfallo_tot | AJ1: controfallo_media | AK1: errore_tot | AL1: errore_media | AM1: pct_parate_media | AN1: pct_tiri_media | AO1: pct_tiri_stagionale | AP1: partite_con_eventi | AQ1: valutazione_totale | AR1: valutazione_grezza_totale | AS1: valutazione_media | AT1: valutazione_grezza_media | AU1: indice_valutazione_0_100
A2: FRANCHI | B2: FRANCHI | C2: portiere | D2: portiere | E2: D | F2: GK | G2: portiere | H2: NO | K2: 3 | L2: 2 | M2: 0 | N2: 0 | O2: 2 | P2: 0.666667 | Q2: 0 | R2: 0 | S2: 0 | T2: 0 | U2: 0 | V2: 0 | W2: 0 | X2: 0 | Y2: 4 | Z2: 2 | AA2: 0 | AB2: 0 | AC2: 0 | AD2: 0 | AE2: 0 | AF2: 0 | AG2: 5 | AH2: 2.5 | AI2: 0 | AJ2: 0 | AK2: 0 | AL2: 0 | AM2: 0.45 | AP2: 3 | AQ2: 3 | AR2: 3 | AS2: 1.5 | AT2: 1.5 | AU2: 100
A3: LUCA BOLO | B3: LUCA BOLO | C3: portiere | D3: portiere | E3: D | F3: GK | G3: portiere | H3: NO | K3: 14 | L3: 9 | M3: 0 | N3: 0 | O3: 6 | P3: 0.428571 | Q3: 0 | R3: 0 | S3: 2 | T3: 0.142857 | U3: 0 | V3: 0 | W3: 0 | X3: 0 | Y3: 54 | Z3: 6 | AA3: 1 | AB3: 0.071429 | AC3: 0 | AD3: 0 | AE3: 1 | AF3: 0.071429 | AG3: 73 | AH3: 8.111111 | AI3: 0 | AJ3: 0 | AK3: 4.45 | AL3: 0.494444 | AM3: 0.372448 | AP3: 14 | AQ3: -47.9 | AR3: -47.9 | AS3: -5.322222 | AT3: -5.322222 | AU3: 0
A4: SANTA | B4: SANTA | C4: portiere | D4: portiere | E4: S | F4: GK | G4: portiere | H4: NO | K4: 16 | L4: 12 | M4: 0 | N4: 0 | O4: 4 | P4: 0.25 | Q4: 0 | R4: 0 | S4: 0 | T4: 0 | U4: 0 | V4: 0 | W4: 0 | X4: 0 | Y4: 82 | Z4: 6.833333 | AA4: 0 | AB4: 0 | AC4: 0 | AD4: 0 | AE4: 0 | AF4: 0 | AG4: 86 | AH4: 7.166667 | AI4: 0 | AJ4: 0 | AK4: 3 | AL4: 0.25 | AM4: 0.43914 | AP4: 16 | AQ4: -6 | AR4: -6 | AS4: -0.5 | AT4: -0.5 | AU4: 82.32

Sheet Valutazione_Stagione
A1: giocatore | B1: ruolo | C1: ruolo_macro | D1: mano | E1: ruolo_base | F1: ruolo_label | G1: jolly | H1: ruoli_jolly | I1: partite_nel_foglio | J1: partite_giocate_stimate | K1: valutazione_totale | L1: valutazione_grezza_totale | M1: valutazione_media | N1: valutazione_grezza_media | O1: formula_version | P1: indice_valutazione_0_100 | Q1: ranking_totale | R1: ranking_media
A2: BIGA | B2: movimento | C2: movimento | D2: D | E2: 4-5 | F2: mano-buona | G2: SI | H2: 1,2,4,5 | I2: 14 | K2: 117 | L2: 117 | M2: 8.357143 | N2: 8.357143 | O2: v1 | P2: 45.36 | Q2: 5 | R2: 6
A3: BOBBOX | B3: movimento | C3: movimento | D3: D | E3: 3 | F3: marcatore del centro | G3: NO | I3: 16 | K3: 5.5 | L3: 5.5 | M3: 0.34375 | N3: 0.34375 | O3: v1 | P3: 5.54 | Q3: 13 | R3: 13
A4: BOBBY | B4: movimento | C4: movimento | D4: D | E4: 4-5 | F4: mano-buona | G4: SI | H4: 4,5,6 | I4: 16 | K4: 270 | L4: 270 | M4: 16.875 | N4: 16.875 | O4: v1 | P4: 100 | Q4: 1 | R4: 1
A5: CAVALLI | B5: movimento | C5: movimento | D5: D | E5: 6 | F5: centroboa | G5: NO | I5: 1 | K5: 9.5 | L5: 9.5 | M5: 9.5 | N5: 9.5 | O5: v1 | P5: 6.96 | Q5: 12 | R5: 5
A6: CRIVE A. | B6: movimento | C6: movimento | D6: D | E6: 6 | F6: centroboa | G6: SI | H6: 3,4,5,6 | I6: 15 | K6: 195 | L6: 195 | M6: 13 | N6: 13 | O6: v1 | P6: 73.21 | Q6: 3 | R6: 3
A7: CRIVE L. | B7: movimento | C7: movimento | D7: D | E7: 1-2 | F7: mano-cattiva | G7: NO | I7: 16 | K7: 56 | L7: 56 | M7: 3.5 | N7: 3.5 | O7: v1 | P7: 23.57 | Q7: 9 | R7: 10
A8: DONATO | B8: movimento | C8: movimento | D8: S | E8: 1-2 | F8: mano-cattiva | G8: NO | I8: 15 | K8: 116.5 | L8: 116.5 | M8: 7.766667 | N8: 7.766667 | O8: v1 | P8: 45.18 | Q8: 6 | R8: 7
A9: GULLO | B9: movimento | C9: movimento | D9: D | E9: 3 | F9: marcatore del centro | G9: SI | H9: 3,6 | I9: 15 | K9: 111.5 | L9: 111.5 | M9: 7.433333 | N9: 7.433333 | O9: v1 | P9: 43.39 | Q9: 7 | R9: 8
A10: MAPELLI | B10: movimento | C10: movimento | D10: D | E10: 4-5 | F10: mano-buona | G10: NO | I10: 1 | K10: 0 | L10: 0 | M10: 0 | N10: 0 | O10: v1 | P10: 3.57 | Q10: 14 | R10: 14
A11: NOA | B11: movimento | C11: movimento | D11: D | E11: 1-2 | F11: mano-cattiva | G11: NO | I11: 13 | K11: 83.5 | L11: 83.5 | M11: 6.423077 | N11: 6.423077 | O11: v1 | P11: 33.39 | Q11: 8 | R11: 9
A12: PASQUA | B12: movimento | C12: movimento | D12: D | E12: 1-2 | F12: mano-cattiva | G12: NO | I12: 10 | K12: -10 | L12: -10 | M12: -1 | N12: -1 | O12: v1 | P12: 0 | Q12: 16 | R12: 15
A13: POPOVIC | B13: movimento | C13: movimento | D13: D | E13: 4-5 | F13: mano-buona | G13: NO | I13: 14 | K13: 47 | L13: 47 | M13: 3.357143 | N13: 3.357143 | O13: v1 | P13: 20.36 | Q13: 11 | R13: 11
A14: SERGIO | B14: movimento | C14: movimento | D14: D | E14: 3 | F14: marcatore del centro | G14: NO | I14: 1 | K14: -1 | L14: -1 | M14: -1 | N14: -1 | O14: v1 | P14: 3.21 | Q14: 15 | R14: 16
A15: SOLDI | B15: movimento | C15: movimento | D15: D | E15: 1-2 | F15: mano-cattiva | G15: NO | I15: 16 | K15: 51.5 | L15: 51.5 | M15: 3.21875 | N15: 3.21875 | O15: v1 | P15: 21.96 | Q15: 10 | R15: 12
A16: STERI | B16: movimento | C16: movimento | D16: D | E16: 6 | F16: centroboa | G16: NO | I16: 15 | K16: 164.5 | L16: 164.5 | M16: 10.966667 | N16: 10.966667 | O16: v1 | P16: 62.32 | Q16: 4 | R16: 4
A17: ZENO | B17: movimento | C17: movimento | D17: D | E17: 4-5 | F17: mano-buona | G17: NO | I17: 16 | K17: 265.5 | L17: 265.5 | M17: 16.59375 | N17: 16.59375 | O17: v1 | P17: 98.39 | Q17: 2 | R17: 2
A18: FRANCHI | B18: portiere | C18: portiere | D18: D | E18: GK | F18: portiere | G18: NO | I18: 3 | J18: 2 | K18: 3 | L18: 3 | M18: 1.5 | N18: 1.5 | O18: v1 | P18: 100 | Q18: 1 | R18: 1
A19: LUCA BOLO | B19: portiere | C19: portiere | D19: D | E19: GK | F19: portiere | G19: NO | I19: 14 | J19: 9 | K19: -47.9 | L19: -47.9 | M19: -5.322222 | N19: -5.322222 | O19: v1 | P19: 0 | Q19: 3 | R19: 3
A20: SANTA | B20: portiere | C20: portiere | D20: S | E20: GK | F20: portiere | G20: NO | I20: 16 | J20: 12 | K20: -6 | L20: -6 | M20: -0.5 | N20: -0.5 | O20: v1 | P20: 82.32 | Q20: 2 | R20: 2

Sheet Classifiche
A1: Top marcatori
A2: Rank | B2: giocatore | C2: gol_tot | D2: partite_nel_foglio
A3: 1 | B3: ZENO | C3: 57 | D3: 16
A4: 2 | B4: BOBBY | C4: 36 | D4: 16
A5: 3 | B5: CRIVE A. | C5: 22 | D5: 15
A6: 4 | B6: STERI | C6: 19 | D6: 15
A7: 5 | B7: BIGA | C7: 16 | D7: 14
A8: 6 | B8: GULLO | C8: 16 | D8: 15
A9: 7 | B9: DONATO | C9: 15 | D9: 15
A10: 8 | B10: POPOVIC | C10: 11 | D10: 14
A11: 9 | B11: NOA | C11: 10 | D11: 13
A12: 10 | B12: CRIVE L. | C12: 4 | D12: 16
A13: 11 | B13: BOBBOX | C13: 3 | D13: 16
A14: 12 | B14: CAVALLI | C14: 1 | D14: 1
... A18: 16 | B18: SERGIO | C18: 0 | D18: 1
A20: Top assist
A21: Rank | B21: giocatore | C21: assist_tot | D21: partite_nel_foglio
A22: 1 | B22: CRIVE L. | C22: 20 | D22: 16
A23: 2 | B23: BOBBY | C23: 19 | D23: 16
A24: 3 | B24: BIGA | C24: 17 | D24: 14
A25: 4 | B25: BOBBOX | C25: 14 | D25: 16
A26: 5 | B26: SOLDI | C26: 14 | D26: 16
A27: 6 | B27: NOA | C27: 12 | D27: 13
A28: 7 | B28: CRIVE A. | C28: 11 | D28: 15
A29: 8 | B29: DONATO | C29: 7 | D29: 15
A30: 9 | B30: GULLO | C30: 7 | D30: 15
A31: 10 | B31: ZENO | C31: 6 | D31: 16
A32: 11 | B32: POPOVIC | C32: 4 | D32: 14
A33: 12 | B33: STERI | C33: 4 | D33: 15
... A37: 16 | B37: MAPELLI | C37: 0 | D37: 1
A39: Miglior percentuale tiro media
A40: Rank | B40: giocatore | C40: pct_tiri_media | D40: tiri_tot | E40: partite_nel_foglio
A41: 1 | B41: ZENO | C41: 0.500387 | D41: 118 | E41: 16
A42: 2 | B42: STERI | C42: 0.458333 | D42: 33 | E42: 15
A43: 3 | B43: BOBBY | C43: 0.401337 | D43: 85 | E43: 16
A44: 4 | B44: BIGA | C44: 0.391026 | D44: 33 | E44: 14
A45: 5 | B45: CRIVE A. | C45: 0.382143 | D45: 51 | E45: 15
A46: 6 | B46: DONATO | C46: 0.373299 | D46: 40 | E46: 15
A47: 7 | B47: POPOVIC | C47: 0.358974 | D47: 27 | E47: 14
A48: 8 | B48: GULLO | C48: 0.351361 | D48: 46 | E48: 15
A49: 9 | B49: NOA | C49: 0.333333 | D49: 26 | E49: 13
A50: 10 | B50: BOBBOX | C50: 0.133333 | D50: 20 | E50: 16
A51: 11 | B51: CRIVE L. | C51: 0.094444 | D51: 20 | E51: 16
A52: 12 | B52: SOLDI | C52: 0.033333 | D52: 14 | E52: 16
A53: 13 | B53: PASQUA | C53: 0 | D53: 3 | E53: 10
A55: Miglior percentuale tiro stagionale
A56: Rank | B56: giocatore | C56: pct_tiri_stagionale | D56: gol_tot | E56: tiri_tot | F56: partite_nel_foglio
A57: 1 | B57: STERI | C57: 0.575758 | D57: 19 | E57: 33 | F57: 15
A58: 2 | B58: BIGA | C58: 0.484848 | D58: 16 | E58: 33 | F58: 14
A59: 3 | B59: ZENO | C59: 0.483051 | D59: 57 | E59: 118 | F59: 16
A60: 4 | B60: CRIVE A. | C60: 0.431373 | D60: 22 | E60: 51 | F60: 15
A61: 5 | B61: BOBBY | C61: 0.423529 | D61: 36 | E61: 85 | F61: 16
A62: 6 | B62: POPOVIC | C62: 0.407407 | D62: 11 | E62: 27 | F62: 14
A63: 7 | B63: NOA | C63: 0.384615 | D63: 10 | E63: 26 | F63: 13
A64: 8 | B64: DONATO | C64: 0.375 | D64: 15 | E64: 40 | F64: 15
A65: 9 | B65: GULLO | C65: 0.347826 | D65: 16 | E65: 46 | F65: 15
A66: 10 | B66: CRIVE L. | C66: 0.2 | D66: 4 | E66: 20 | F66: 16
A67: 11 | B67: BOBBOX | C67: 0.15 | D67: 3 | E67: 20 | F67: 16
A68: 12 | B68: SOLDI | C68: 0.071429 | D68: 1 | E68: 14 | F68: 16
A69: 13 | B69: PASQUA | C69: 0 | D69: 0 | E69: 3 | F69: 10
A71: Palle rubate
A72: Rank | B72: giocatore | C72: palla_rubata_tot | D72: partite_nel_foglio
A73: 1 | B73: BOBBY | C73: 18 | D73: 16
A74: 2 | B74: DONATO | C74: 17 | D74: 15
A75: 3 | B75: GULLO | C75: 14 | D75: 15
A76: 4 | B76: ZENO | C76: 12 | D76: 16
A77: 5 | B77: BIGA | C77: 11 | D77: 14
A78: 6 | B78: CRIVE A. | C78: 9 | D78: 15
A79: 7 | B79: NOA | C79: 9 | D79: 13
A80: 8 | B80: CRIVE L. | C80: 8 | D80: 16
A81: 9 | B81: BOBBOX | C81: 7 | D81: 16
A82: 10 | B82: STERI | C82: 5 | D82: 15
A83: 11 | B83: POPOVIC | C83: 4 | D83: 14
A84: 12 | B84: SOLDI | C84: 4 | D84: 16
... A88: 16 | B88: SERGIO | C88: 0 | D88: 1
A90: Valutazione movimento
A91: Rank | B91: giocatore | C91: valutazione_totale | D91: valutazione_media | E91: partite_nel_foglio
A92: 1 | B92: BOBBY | C92: 270 | D92: 16.875 | E92: 16
A93: 2 | B93: ZENO | C93: 265.5 | D93: 16.59375 | E93: 16
A94: 3 | B94: CRIVE A. | C94: 195 | D94: 13 | E94: 15
A95: 4 | B95: STERI | C95: 164.5 | D95: 10.966667 | E95: 15
A96: 5 | B96: BIGA | C96: 117 | D96: 8.357143 | E96: 14
A97: 6 | B97: DONATO | C97: 116.5 | D97: 7.766667 | E97: 15
A98: 7 | B98: GULLO | C98: 111.5 | D98: 7.433333 | E98: 15
A99: 8 | B99: NOA | C99: 83.5 | D99: 6.423077 | E99: 13
A100: 9 | B100: CRIVE L. | C100: 56 | D100: 3.5 | E100: 16
A101: 10 | B101: SOLDI | C101: 51.5 | D101: 3.21875 | E101: 16
A102: 11 | B102: POPOVIC | C102: 47 | D102: 3.357143 | E102: 14
A103: 12 | B103: CAVALLI | C103: 9.5 | D103: 9.5 | E103: 1
... A107: 16 | B107: PASQUA | C107: -10 | D107: -1 | E107: 10
A109: Portieri - Parate
A110: Rank | B110: giocatore | C110: parata_tot | D110: gol_subito_tot | E110: pct_parate_media
A111: 1 | B111: SANTA | C111: 82 | D111: 86 | E111: 0.43914
A112: 2 | B112: LUCA BOLO | C112: 54 | D112: 73 | E112: 0.372448
A113: 3 | B113: FRANCHI | C113: 4 | D113: 5 | E113: 0.45
A115: Valutazione portieri
A116: Rank | B116: giocatore | C116: valutazione_totale | D116: valutazione_media | E116: partite_nel_foglio
A117: 1 | B117: FRANCHI | C117: 3 | D117: 1.5 | E117: 3
A118: 2 | B118: SANTA | C118: -6 | D118: -0.5 | E118: 16
A119: 3 | B119: LUCA BOLO | C119: -47.9 | D119: -5.322222 | E119: 14
...

Sheet Classifiche_Ruolo
A1: Riepilogo per Ruolo Base
A2: Gruppo | B2: Giocatori | C2: Partite campione | D2: Gol tot | E2: Gol/partita | F2: Assist tot | G2: Assist/partita | H2: Tiri tot | I2: % tiro media | J2: % tiro stagionale | K2: Palle rubate | L2: Val. totale | M2: Val. media | N2: Parate tot | O2: Gol subiti tot | P2: % parate media
A3: 1-2 | B3: 5 | C3: 70 | D3: 30 | E3: 0.428571 | F3: 54 | G3: 0.771429 | H3: 103 | I3: 0.166882 | J3: 0.291262 | K3: 40 | L3: 297.5 | M3: 4.25 | N3: 9 | O3: 0 | P3: 0.2
A4: 3 | B4: 3 | C4: 32 | D4: 19 | E4: 0.59375 | F4: 22 | G4: 0.6875 | H4: 66 | I4: 0.161565 | J4: 0.287879 | K4: 21 | L4: 116 | M4: 3.625 | N4: 10 | O4: 0 | P4: 0.125
A5: 4-5 | B5: 5 | C5: 61 | D5: 120 | E5: 1.967213 | F5: 46 | G5: 0.754098 | H5: 263 | I5: 0.330345 | J5: 0.456274 | K5: 45 | L5: 699.5 | M5: 11.467213 | N5: 19 | O5: 0 | P5: 0.361111
A6: 6 | B6: 3 | C6: 31 | D6: 42 | E6: 1.354839 | F6: 15 | G6: 0.483871 | H6: 87 | I6: 0.39127 | J6: 0.482759 | K6: 14 | L6: 369 | M6: 11.903226 | N6: 8 | O6: 0 | P6: 0.666667
A7: GK | B7: 3 | C7: 33 | D7: 0 | E7: 0 | F7: 12 | G7: 0.363636 | H7: 0 | K7: 2 | L7: -50.9 | M7: -1.542424 | N7: 140 | O7: 164 | P7: 0.420529
A9: Riepilogo per Mano
A10: Gruppo | B10: Giocatori | C10: Partite campione | D10: Gol tot | E10: Gol/partita | F10: Assist tot | G10: Assist/partita | H10: Tiri tot | I10: % tiro media | J10: % tiro stagionale | K10: Palle rubate | L10: Val. totale | M10: Val. media
A11: D | B11: 17 | C11: 196 | D11: 196 | E11: 1 | F11: 138 | G11: 0.704082 | H11: 479 | I11: 0.251422 | J11: 0.409186 | K11: 105 | L11: 1320.6 | M11: 6.737755
A12: S | B12: 2 | C12: 31 | D12: 15 | E12: 0.483871 | F12: 11 | G12: 0.354839 | H12: 40 | I12: 0.373299 | J12: 0.375 | K12: 17 | L12: 110.5 | M12: 3.564516
A14: Riepilogo Jolly
A15: Gruppo | B15: Giocatori | C15: Partite campione | D15: Gol tot | E15: Gol/partita | F15: Assist tot | G15: Assist/partita | H15: Tiri tot | I15: % tiro media | J15: % tiro stagionale | K15: Palle rubate | L15: Val. totale | M15: Val. media
A16: SI | B16: 4 | C16: 60 | D16: 90 | E16: 1.5 | F16: 54 | G16: 0.9 | H16: 215 | I16: 0.381467 | J16: 0.418605 | K16: 52 | L16: 693.5 | M16: 11.558333
A17: NO | B17: 15 | C17: 167 | D17: 121 | E17: 0.724551 | F17: 95 | G17: 0.568862 | H17: 304 | I17: 0.218231 | J17: 0.398026 | K17: 70 | L17: 737.6 | M17: 4.416766
A19: Ranking 1-2
A20: Rank | B20: giocatore | C20: mano | D20: gol_tot | E20: gol_media | F20: assist_tot | G20: assist_media | H20: pct_tiri_media | I20: pct_tiri_stagionale | J20: valutazione_totale | K20: valutazione_media | L20: partite_nel_foglio
A21: 1 | B21: DONATO | C21: S | D21: 15 | E21: 1 | F21: 7 | G21: 0.466667 | H21: 0.373299 | I21: 0.375 | J21: 116.5 | K21: 7.766667 | L21: 15
A22: 2 | B22: NOA | C22: D | D22: 10 | E22: 0.769231 | F22: 12 | G22: 0.923077 | H22: 0.333333 | I22: 0.384615 | J22: 83.5 | K22: 6.423077 | L22: 13
A23: 3 | B23: CRIVE L. | C23: D | D23: 4 | E23: 0.25 | F23: 20 | G23: 1.25 | H23: 0.094444 | I23: 0.2 | J23: 56 | K23: 3.5 | L23: 16
A24: 4 | B24: SOLDI | C24: D | D24: 1 | E24: 0.0625 | F24: 14 | G24: 0.875 | H24: 0.033333 | I24: 0.071429 | J24: 51.5 | K24: 3.21875 | L24: 16
A25: 5 | B25: PASQUA | C25: D | D25: 0 | E25: 0 | F25: 1 | G25: 0.1 | H25: 0 | I25: 0 | J25: -10 | K25: -1 | L25: 10
A27: Ranking 3
A28: Rank | B28: giocatore | C28: mano | D28: gol_tot | E28: gol_media | F28: assist_tot | G28: assist_media | H28: pct_tiri_media | I28: pct_tiri_stagionale | J28: valutazione_totale | K28: valutazione_media | L28: partite_nel_foglio
A29: 1 | B29: GULLO | C29: D | D29: 16 | E29: 1.066667 | F29: 7 | G29: 0.466667 | H29: 0.351361 | I29: 0.347826 | J29: 111.5 | K29: 7.433333 | L29: 15
A30: 2 | B30: BOBBOX | C30: D | D30: 3 | E30: 0.1875 | F30: 14 | G30: 0.875 | H30: 0.133333 | I30: 0.15 | J30: 5.5 | K30: 0.34375 | L30: 16
A31: 3 | B31: SERGIO | C31: D | D31: 0 | E31: 0 | F31: 1 | G31: 1 | H31: 0 | J31: -1 | K31: -1 | L31: 1
A33: Ranking 4-5
A34: Rank | B34: giocatore | C34: mano | D34: gol_tot | E34: gol_media | F34: assist_tot | G34: assist_media | H34: pct_tiri_media | I34: pct_tiri_stagionale | J34: valutazione_totale | K34: valutazione_media | L34: partite_nel_foglio
A35: 1 | B35: BOBBY | C35: D | D35: 36 | E35: 2.25 | F35: 19 | G35: 1.1875 | H35: 0.401337 | I35: 0.423529 | J35: 270 | K35: 16.875 | L35: 16
A36: 2 | B36: ZENO | C36: D | D36: 57 | E36: 3.5625 | F36: 6 | G36: 0.375 | H36: 0.500387 | I36: 0.483051 | J36: 265.5 | K36: 16.59375 | L36: 16
A37: 3 | B37: BIGA | C37: D | D37: 16 | E37: 1.142857 | F37: 17 | G37: 1.214286 | H37: 0.391026 | I37: 0.484848 | J37: 117 | K37: 8.357143 | L37: 14
A38: 4 | B38: POPOVIC | C38: D | D38: 11 | E38: 0.785714 | F38: 4 | G38: 0.285714 | H38: 0.358974 | I38: 0.407407 | J38: 47 | K38: 3.357143 | L38: 14
A39: 5 | B39: MAPELLI | C39: D | D39: 0 | E39: 0 | F39: 0 | G39: 0 | H39: 0 | J39: 0 | K39: 0 | L39: 1
A41: Ranking 6
A42: Rank | B42: giocatore | C42: mano | D42: gol_tot | E42: gol_media | F42: assist_tot | G42: assist_media | H42: pct_tiri_media | I42: pct_tiri_stagionale | J42: valutazione_totale | K42: valutazione_media | L42: partite_nel_foglio
A43: 1 | B43: CRIVE A. | C43: D | D43: 22 | E43: 1.466667 | F43: 11 | G43: 0.733333 | H43: 0.382143 | I43: 0.431373 | J43: 195 | K43: 13 | L43: 15
A44: 2 | B44: STERI | C44: D | D44: 19 | E44: 1.266667 | F44: 4 | G44: 0.266667 | H44: 0.458333 | I44: 0.575758 | J44: 164.5 | K44: 10.966667 | L44: 15
A45: 3 | B45: CAVALLI | C45: D | D45: 1 | E45: 1 | F45: 0 | G45: 0 | H45: 0.333333 | I45: 0.333333 | J45: 9.5 | K45: 9.5 | L45: 1
A47: Ranking GK
A48: Rank | B48: giocatore | C48: mano | D48: parata_tot | E48: pct_parate_media | F48: gol_subito_tot | G48: valutazione_totale | H48: valutazione_media | I48: partite_nel_foglio
A49: 1 | B49: FRANCHI | C49: D | D49: 4 | E49: 0.45 | F49: 5 | G49: 3 | H49: 1.5 | I49: 3
A50: 2 | B50: SANTA | C50: S | D50: 82 | E50: 0.43914 | F50: 86 | G50: -6 | H50: -0.5 | I50: 16
A51: 3 | B51: LUCA BOLO | C51: D | D51: 54 | E51: 0.372448 | F51: 73 | G51: -47.9 | H51: -5.322222 | I51: 14
A53: Ranking D
A54: Rank | B54: giocatore | C54: mano | D54: gol_tot | E54: gol_media | F54: assist_tot | G54: assist_media | H54: pct_tiri_media | I54: pct_tiri_stagionale | J54: valutazione_totale | K54: valutazione_media | L54: partite_nel_foglio
A55: 1 | B55: BOBBY | C55: D | D55: 36 | E55: 2.25 | F55: 19 | G55: 1.1875 | H55: 0.401337 | I55: 0.423529 | J55: 270 | K55: 16.875 | L55: 16
A56: 2 | B56: ZENO | C56: D | D56: 57 | E56: 3.5625 | F56: 6 | G56: 0.375 | H56: 0.500387 | I56: 0.483051 | J56: 265.5 | K56: 16.59375 | L56: 16
A57: 3 | B57: CRIVE A. | C57: D | D57: 22 | E57: 1.466667 | F57: 11 | G57: 0.733333 | H57: 0.382143 | I57: 0.431373 | J57: 195 | K57: 13 | L57: 15
A58: 4 | B58: STERI | C58: D | D58: 19 | E58: 1.266667 | F58: 4 | G58: 0.266667 | H58: 0.458333 | I58: 0.575758 | J58: 164.5 | K58: 10.966667 | L58: 15
A59: 5 | B59: BIGA | C59: D | D59: 16 | E59: 1.142857 | F59: 17 | G59: 1.214286 | H59: 0.391026 | I59: 0.484848 | J59: 117 | K59: 8.357143 | L59: 14
A60: 6 | B60: GULLO | C60: D | D60: 16 | E60: 1.066667 | F60: 7 | G60: 0.466667 | H60: 0.351361 | I60: 0.347826 | J60: 111.5 | K60: 7.433333 | L60: 15
A61: 7 | B61: NOA | C61: D | D61: 10 | E61: 0.769231 | F61: 12 | G61: 0.923077 | H61: 0.333333 | I61: 0.384615 | J61: 83.5 | K61: 6.423077 | L61: 13
A62: 8 | B62: CRIVE L. | C62: D | D62: 4 | E62: 0.25 | F62: 20 | G62: 1.25 | H62: 0.094444 | I62: 0.2 | J62: 56 | K62: 3.5 | L62: 16
A63: 9 | B63: SOLDI | C63: D | D63: 1 | E63: 0.0625 | F63: 14 | G63: 0.875 | H63: 0.033333 | I63: 0.071429 | J63: 51.5 | K63: 3.21875 | L63: 16
A64: 10 | B64: POPOVIC | C64: D | D64: 11 | E64: 0.785714 | F64: 4 | G64: 0.285714 | H64: 0.358974 | I64: 0.407407 | J64: 47 | K64: 3.357143 | L64: 14
A65: 11 | B65: CAVALLI | C65: D | D65: 1 | E65: 1 | F65: 0 | G65: 0 | H65: 0.333333 | I65: 0.333333 | J65: 9.5 | K65: 9.5 | L65: 1
A66: 12 | B66: BOBBOX | C66: D | D66: 3 | E66: 0.1875 | F66: 14 | G66: 0.875 | H66: 0.133333 | I66: 0.15 | J66: 5.5 | K66: 0.34375 | L66: 16
A67: 13 | B67: MAPELLI | C67: D | D67: 0 | E67: 0 | F67: 0 | G67: 0 | H67: 0 | J67: 0 | K67: 0 | L67: 1
A68: 14 | B68: SERGIO | C68: D | D68: 0 | E68: 0 | F68: 1 | G68: 1 | H68: 0 | J68: -1 | K68: -1 | L68: 1
A69: 15 | B69: PASQUA | C69: D | D69: 0 | E69: 0 | F69: 1 | G69: 0.1 | H69: 0 | I69: 0 | J69: -10 | K69: -1 | L69: 10
A71: Ranking S
A72: Rank | B72: giocatore | C72: mano | D72: gol_tot | E72: gol_media | F72: assist_tot | G72: assist_media | H72: pct_tiri_media | I72: pct_tiri_stagionale | J72: valutazione_totale | K72: valutazione_media | L72: partite_nel_foglio
A73: 1 | B73: DONATO | C73: S | D73: 15 | E73: 1 | F73: 7 | G73: 0.466667 | H73: 0.373299 | I73: 0.375 | J73: 116.5 | K73: 7.766667 | L73: 15
A75: Ranking Jolly
A76: Rank | B76: giocatore | C76: mano | D76: gol_tot | E76: gol_media | F76: assist_tot | G76: assist_media | H76: pct_tiri_media | I76: pct_tiri_stagionale | J76: valutazione_totale | K76: valutazione_media | L76: partite_nel_foglio
A77: 1 | B77: BOBBY | C77: D | D77: 36 | E77: 2.25 | F77: 19 | G77: 1.1875 | H77: 0.401337 | I77: 0.423529 | J77: 270 | K77: 16.875 | L77: 16
A78: 2 | B78: CRIVE A. | C78: D | D78: 22 | E78: 1.466667 | F78: 11 | G78: 0.733333 | H78: 0.382143 | I78: 0.431373 | J78: 195 | K78: 13 | L78: 15
A79: 3 | B79: BIGA | C79: D | D79: 16 | E79: 1.142857 | F79: 17 | G79: 1.214286 | H79: 0.391026 | I79: 0.484848 | J79: 117 | K79: 8.357143 | L79: 14
A80: 4 | B80: GULLO | C80: D | D80: 16 | E80: 1.066667 | F80: 7 | G80: 0.466667 | H80: 0.351361 | I80: 0.347826 | J80: 111.5 | K80: 7.433333 | L80: 15
A82: Ranking Non Jolly
A83: Rank | B83: giocatore | C83: mano | D83: gol_tot | E83: gol_media | F83: assist_tot | G83: assist_media | H83: pct_tiri_media | I83: pct_tiri_stagionale | J83: valutazione_totale | K83: valutazione_media | L83: partite_nel_foglio
A84: 1 | B84: ZENO | C84: D | D84: 57 | E84: 3.5625 | F84: 6 | G84: 0.375 | H84: 0.500387 | I84: 0.483051 | J84: 265.5 | K84: 16.59375 | L84: 16
A85: 2 | B85: STERI | C85: D | D85: 19 | E85: 1.266667 | F85: 4 | G85: 0.266667 | H85: 0.458333 | I85: 0.575758 | J85: 164.5 | K85: 10.966667 | L85: 15
A86: 3 | B86: DONATO | C86: S | D86: 15 | E86: 1 | F86: 7 | G86: 0.466667 | H86: 0.373299 | I86: 0.375 | J86: 116.5 | K86: 7.766667 | L86: 15
A87: 4 | B87: NOA | C87: D | D87: 10 | E87: 0.769231 | F87: 12 | G87: 0.923077 | H87: 0.333333 | I87: 0.384615 | J87: 83.5 | K87: 6.423077 | L87: 13
A88: 5 | B88: CRIVE L. | C88: D | D88: 4 | E88: 0.25 | F88: 20 | G88: 1.25 | H88: 0.094444 | I88: 0.2 | J88: 56 | K88: 3.5 | L88: 16
A89: 6 | B89: SOLDI | C89: D | D89: 1 | E89: 0.0625 | F89: 14 | G89: 0.875 | H89: 0.033333 | I89: 0.071429 | J89: 51.5 | K89: 3.21875 | L89: 16
A90: 7 | B90: POPOVIC | C90: D | D90: 11 | E90: 0.785714 | F90: 4 | G90: 0.285714 | H90: 0.358974 | I90: 0.407407 | J90: 47 | K90: 3.357143 | L90: 14
A91: 8 | B91: CAVALLI | C91: D | D91: 1 | E91: 1 | F91: 0 | G91: 0 | H91: 0.333333 | I91: 0.333333 | J91: 9.5 | K91: 9.5 | L91: 1
A92: 9 | B92: BOBBOX | C92: D | D92: 3 | E92: 0.1875 | F92: 14 | G92: 0.875 | H92: 0.133333 | I92: 0.15 | J92: 5.5 | K92: 0.34375 | L92: 16
A93: 10 | B93: MAPELLI | C93: D | D93: 0 | E93: 0 | F93: 0 | G93: 0 | H93: 0 | J93: 0 | K93: 0 | L93: 1
A94: 11 | B94: SERGIO | C94: D | D94: 0 | E94: 0 | F94: 1 | G94: 1 | H94: 0 | J94: -1 | K94: -1 | L94: 1
A95: 12 | B95: PASQUA | C95: D | D95: 0 | E95: 0 | F95: 1 | G95: 0.1 | H95: 0 | I95: 0 | J95: -10 | K95: -1 | L95: 10
A97: Note
A98: Voce | B98: Dettaglio
A99: Soglia medie | B99: Classifiche di media da usare con almeno 3 partite.
A100: Base dati | B100: Le aggregazioni usano le 16 partite con statistiche video.
A101: ERRORE | B101: ERRORE non e' una classifica centrale in questo foglio, ma resta nei dettagli giocatore.

Sheet Giocatori_Partita
A1: sheet_name | B1: opponent | C1: andata_ritorno | D1: giocatore | E1: nome_standard | F1: ruolo | G1: ruolo_macro | H1: mano | I1: ruolo_base | J1: ruolo_label | K1: jolly | L1: ruoli_jolly | M1: note_ruolo | N1: convocato_nel_foglio | O1: riga_con_trattini | P1: riga_solo_presenza | Q1: partita_giocata_stimata_portiere | R1: errore_soggettivo | S1: gol | T1: assist | U1: tiri | V1: palla_rubata | W1: et_pos | X1: tr_pos | Y1: parata | Z1: et_neg | AA1: tr_neg | AB1: palla_persa | AC1: gol_subito | AD1: controfallo | AE1: errore | AF1: pct_parate | AG1: pct_tiri | AH1: match_id | AI1: giornata | AJ1: data | AK1: ora | AL1: luogo | AM1: casa_trasferta | AN1: avversario
A2: A|PN MILANO | B2: PN Milano 1 | C2: A | D2: BIGA | E2: BIGA | F2: movimento | G2: movimento | H2: D | I2: 4-5 | J2: mano-buona | K2: SI | L2: 1,2,4,5 | M2: principalmente 1,2,4,5 | N2: SI | O2: NO | P2: NO | Q2: NO | R2: SI | S2: 2 | T2: 1 | U2: 2 | V2: 3 | Z2: 1 | AB2: 3 | AF2: 1 | AH2: G02_A_pn_milano_1 | AI2: 2 | AJ2: 2026-01-17 | AK2: 20:30 | AL2: Comunale, Romano di Lombardia (BG) | AM2: Trasferta | AN2: PN Milano 1
A3: A|PN MILANO | B3: PN Milano 1 | C3: A | D3: BOBBOX | E3: BOBBOX | F3: movimento | G3: movimento | H3: D | I3: 3 | J3: marcatore del centro | K3: NO | N3: SI | O3: NO | P3: NO | Q3: NO | R3: SI | T3: 1 | X3: 1 | AB3: 1 | AF3: 0 | AH3: G02_A_pn_milano_1 | AI3: 2 | AJ3: 2026-01-17 | AK3: 20:30 | AL3: Comunale, Romano di Lombardia (BG) | AM3: Trasferta | AN3: PN Milano 1
A4: A|PN MILANO | B4: PN Milano 1 | C4: A | D4: BOBBY | E4: BOBBY | F4: movimento | G4: movimento | H4: D | I4: 4-5 | J4: mano-buona | K4: SI | L4: 4,5,6 | M4: jolly | N4: SI | O4: NO | P4: NO | Q4: NO | R4: SI | T4: 1 | W4: 1 | Z4: 3 | AF4: 0 | AH4: G02_A_pn_milano_1 | AI4: 2 | AJ4: 2026-01-17 | AK4: 20:30 | AL4: Comunale, Romano di Lombardia (BG) | AM4: Trasferta | AN4: PN Milano 1
A5: A|PN MILANO | B5: PN Milano 1 | C5: A | D5: CRIVE A. | E5: CRIVE A. | F5: movimento | G5: movimento | H5: D | I5: 6 | J5: centroboa | K5: SI | L5: 3,4,5,6 | M5: jolly | N5: SI | O5: NO | P5: NO | Q5: NO | R5: SI | S5: 4 | T5: 0 | U5: 6 | V5: 1 | W5: 2 | X5: 1 | AB5: 2 | AD5: 2 | AF5: 0.666667 | AH5: G02_A_pn_milano_1 | AI5: 2 | AJ5: 2026-01-17 | AK5: 20:30 | AL5: Comunale, Romano di Lombardia (BG) | AM5: Trasferta | AN5: PN Milano 1
A6: A|PN MILANO | B6: PN Milano 1 | C6: A | D6: CRIVE L. | E6: CRIVE L. | F6: movimento | G6: movimento | H6: D | I6: 1-2 | J6: mano-cattiva | K6: NO | N6: SI | O6: NO | P6: NO | Q6: NO | R6: SI | T6: 3 | U6: 1 | V6: 1 | AD6: 1 | AF6: 0 | AH6: G02_A_pn_milano_1 | AI6: 2 | AJ6: 2026-01-17 | AK6: 20:30 | AL6: Comunale, Romano di Lombardia (BG) | AM6: Trasferta | AN6: PN Milano 1
A7: A|PN MILANO | B7: PN Milano 1 | C7: A | D7: DONATO | E7: DONATO | F7: movimento | G7: movimento | H7: S | I7: 1-2 | J7: mano-cattiva | K7: NO | N7: SI | O7: NO | P7: NO | Q7: NO | R7: SI | S7: 1 | U7: 1 | V7: 1 | Z7: 1 | AB7: 3 | AD7: 1 | AF7: 1 | AH7: G02_A_pn_milano_1 | AI7: 2 | AJ7: 2026-01-17 | AK7: 20:30 | AL7: Comunale, Romano di Lombardia (BG) | AM7: Trasferta | AN7: PN Milano 1
A8: A|PN MILANO | B8: PN Milano 1 | C8: A | D8: GULLO | E8: GULLO | F8: movimento | G8: movimento | H8: D | I8: 3 | J8: marcatore del centro | K8: SI | L8: 3,6 | M8: jolly | N8: SI | O8: NO | P8: NO | Q8: NO | R8: SI | S8: 1 | T8: 1 | U8: 4 | Z8: 1 | AB8: 2 | AD8: 1 | AF8: 0.25 | AH8: G02_A_pn_milano_1 | AI8: 2 | AJ8: 2026-01-17 | AK8: 20:30 | AL8: Comunale, Romano di Lombardia (BG) | AM8: Trasferta | AN8: PN Milano 1
A9: A|PN MILANO | B9: PN Milano 1 | C9: A | D9: NOA | E9: NOA | F9: movimento | G9: movimento | H9: D | I9: 1-2 | J9: mano-cattiva | K9: NO | N9: SI | O9: NO | P9: SI | Q9: NO | R9: SI | AF9: 0 | AH9: G02_A_pn_milano_1 | AI9: 2 | AJ9: 2026-01-17 | AK9: 20:30 | AL9: Comunale, Romano di Lombardia (BG) | AM9: Trasferta | AN9: PN Milano 1
A10: A|PN MILANO | B10: PN Milano 1 | C10: A | D10: PASQUA | E10: PASQUA | F10: movimento | G10: movimento | H10: D | I10: 1-2 | J10: mano-cattiva | K10: NO | N10: SI | O10: NO | P10: NO | Q10: NO | R10: SI | U10: 1 | V10: 1 | W10: 1 | Z10: 1 | AD10: 2 | AF10: 0 | AH10: G02_A_pn_milano_1 | AI10: 2 | AJ10: 2026-01-17 | AK10: 20:30 | AL10: Comunale, Romano di Lombardia (BG) | AM10: Trasferta | AN10: PN Milano 1
A11: A|PN MILANO | B11: PN Milano 1 | C11: A | D11: POPOVIC | E11: POPOVIC | F11: movimento | G11: movimento | H11: D | I11: 4-5 | J11: mano-buona | K11: NO | N11: SI | O11: NO | P11: NO | Q11: NO | R11: SI | U11: 1 | AF11: 0 | AH11: G02_A_pn_milano_1 | AI11: 2 | AJ11: 2026-01-17 | AK11: 20:30 | AL11: Comunale, Romano di Lombardia (BG) | AM11: Trasferta | AN11: PN Milano 1
A12: A|PN MILANO | B12: PN Milano 1 | C12: A | D12: SOLDI | E12: SOLDI | F12: movimento | G12: movimento | H12: D | I12: 1-2 | J12: mano-cattiva | K12: NO | N12: SI | O12: NO | P12: NO | Q12: NO | R12: SI | V12: 1 | X12: 1 | Z12: 1 | AF12: 0 | AH12: G02_A_pn_milano_1 | AI12: 2 | AJ12: 2026-01-17 | AK12: 20:30 | AL12: Comunale, Romano di Lombardia (BG) | AM12: Trasferta | AN12: PN Milano 1
A13: A|PN MILANO | B13: PN Milano 1 | C13: A | D13: STERI | E13: STERI | F13: movimento | G13: movimento | H13: D | I13: 6 | J13: centroboa | K13: NO | N13: SI | O13: NO | P13: NO | Q13: NO | R13: SI | S13: 2 | T13: 1 | U13: 3 | W13: 3 | X13: 3 | AB13: 1 | AF13: 0.666667 | AH13: G02_A_pn_milano_1 | AI13: 2 | AJ13: 2026-01-17 | AK13: 20:30 | AL13: Comunale, Romano di Lombardia (BG) | AM13: Trasferta | AN13: PN Milano 1
A14: A|PN MILANO | B14: PN Milano 1 | C14: A | D14: ZENO | E14: ZENO | F14: movimento | G14: movimento | H14: D | I14: 4-5 | J14: mano-buona | K14: NO | N14: SI | O14: NO | P14: NO | Q14: NO | R14: SI | S14: 4 | T14: 1 | U14: 9 | V14: 1 | Z14: 2 | AB14: 2 | AF14: 0.444444 | AH14: G02_A_pn_milano_1 | AI14: 2 | AJ14: 2026-01-17 | AK14: 20:30 | AL14: Comunale, Romano di Lombardia (BG) | AM14: Trasferta | AN14: PN Milano 1
A15: A|PN MILANO | B15: PN Milano 1 | C15: A | D15: LUCA BOLO | E15: LUCA BOLO | F15: portiere | G15: portiere | H15: D | I15: GK | J15: portiere | K15: NO | N15: SI | O15: NO | P15: NO | Q15: SI | R15: SI | T15: 1 | Y15: 9 | AC15: 11 | AE15: 0.45 | AH15: G02_A_pn_milano_1 | AI15: 2 | AJ15: 2026-01-17 | AK15: 20:30 | AL15: Comunale, Romano di Lombardia (BG) | AM15: Trasferta | AN15: PN Milano 1
A16: A|PN MILANO | B16: PN Milano 1 | C16: A | D16: SANTA | E16: SANTA | F16: portiere | G16: portiere | H16: S | I16: GK | J16: portiere | K16: NO | N16: SI | O16: NO | P16: SI | Q16: NO | R16: SI | Y16: 0 | AC16: 0 | AE16: 0 | AH16: G02_A_pn_milano_1 | AI16: 2 | AJ16: 2026-01-17 | AK16: 20:30 | AL16: Comunale, Romano di Lombardia (BG) | AM16: Trasferta | AN16: PN Milano 1
A17: A|SESTRI | B17: CN Sestri | C17: A | D17: BIGA | E17: BIGA | F17: movimento | G17: movimento | H17: D | I17: 4-5 | J17: mano-buona | K17: SI | L17: 1,2,4,5 | M17: principalmente 1,2,4,5 | N17: SI | O17: NO | P17: NO | Q17: NO | R17: SI | S17: 1 | U17: 1 | V17: 1 | W17: 1 | X17: 1 | AE17: 3 | AG17: 1 | AH17: G03_A_cn_sestri | AI17: 3 | AJ17: 2026-01-24 | AK17: 10:00 | AL17: Pia Grande, Monza | AM17: Casa | AN17: CN Sestri
A18: A|SESTRI | B18: CN Sestri | C18: A | D18: BOBBOX | E18: BOBBOX | F18: movimento | G18: movimento | H18: D | I18: 3 | J18: marcatore del centro | K18: NO | N18: SI | O18: NO | P18: NO | Q18: NO | R18: SI | U18: 3 | V18: 1 | AA18: 2 | AD18: 1 | AG18: 0 | AH18: G03_A_cn_sestri | AI18: 3 | AJ18: 2026-01-24 | AK18: 10:00 | AL18: Pia Grande, Monza | AM18: Casa | AN18: CN Sestri
A19: A|SESTRI | B19: CN Sestri | C19: A | D19: BOBBY | E19: BOBBY | F19: movimento | G19: movimento | H19: D | I19: 4-5 | J19: mano-buona | K19: SI | L19: 4,5,6 | M19: jolly | N19: SI | O19: NO | P19: NO | Q19: NO | R19: SI | S19: 5 | T19: 1 | U19: 9 | V19: 4 | W19: 1 | Z19: 1 | AD19: 2 | AE19: 2 | AG19: 0.555556 | AH19: G03_A_cn_sestri | AI19: 3 | AJ19: 2026-01-24 | AK19: 10:00 | AL19: Pia Grande, Monza | AM19: Casa | AN19: CN Sestri
A20: A|SESTRI | B20: CN Sestri | C20: A | D20: CRIVE A. | E20: CRIVE A. | F20: movimento | G20: movimento | H20: D | I20: 6 | J20: centroboa | K20: SI | L20: 3,4,5,6 | M20: jolly | N20: SI | O20: NO | P20: NO | Q20: NO | R20: SI | S20: 2 | T20: 1 | U20: 4 | V20: 1 | W20: 1 | Z20: 1 | AE20: 1 | AG20: 0.5 | AH20: G03_A_cn_sestri | AI20: 3 | AJ20: 2026-01-24 | AK20: 10:00 | AL20: Pia Grande, Monza | AM20: Casa | AN20: CN Sestri
A21: A|SESTRI | B21: CN Sestri | C21: A | D21: CRIVE L. | E21: CRIVE L. | F21: movimento | G21: movimento | H21: D | I21: 1-2 | J21: mano-cattiva | K21: NO | N21: SI | O21: NO | P21: NO | Q21: NO | R21: SI | S21: 1 | T21: 2 | U21: 4 | V21: 1 | X21: 1 | Z21: 2 | AE21: 1 | AG21: 0.25 | AH21: G03_A_cn_sestri | AI21: 3 | AJ21: 2026-01-24 | AK21: 10:00 | AL21: Pia Grande, Monza | AM21: Casa | AN21: CN Sestri
A22: A|SESTRI | B22: CN Sestri | C22: A | D22: DONATO | E22: DONATO | F22: movimento | G22: movimento | H22: S | I22: 1-2 | J22: mano-cattiva | K22: NO | N22: SI | O22: NO | P22: NO | Q22: NO | R22: SI | S22: 2 | T22: 2 | U22: 3 | V22: 3 | Z22: 2 | AB22: 1 | AG22: 0.666667 | AH22: G03_A_cn_sestri | AI22: 3 | AJ22: 2026-01-24 | AK22: 10:00 | AL22: Pia Grande, Monza | AM22: Casa | AN22: CN Sestri
A23: A|SESTRI | B23: CN Sestri | C23: A | D23: GULLO | E23: GULLO | F23: movimento | G23: movimento | H23: D | I23: 3 | J23: marcatore del centro | K23: SI | L23: 3,6 | M23: jolly | N23: SI | O23: NO | P23: NO | Q23: NO | R23: SI | U23: 2 | V23: 1 | W23: 1 | Z23: 2 | AG23: 0 | AH23: G03_A_cn_sestri | AI23: 3 | AJ23: 2026-01-24 | AK23: 10:00 | AL23: Pia Grande, Monza | AM23: Casa | AN23: CN Sestri
A24: A|SESTRI | B24: CN Sestri | C24: A | D24: PASQUA | E24: PASQUA | F24: movimento | G24: movimento | H24: D | I24: 1-2 | J24: mano-cattiva | K24: NO | N24: SI | O24: NO | P24: NO | Q24: NO | R24: SI | U24: 2 | AA24: 1 | AG24: 0 | AH24: G03_A_cn_sestri | AI24: 3 | AJ24: 2026-01-24 | AK24: 10:00 | AL24: Pia Grande, Monza | AM24: Casa | AN24: CN Sestri
A25: A|SESTRI | B25: CN Sestri | C25: A | D25: POPOVIC | E25: POPOVIC | F25: movimento | G25: movimento | H25: D | I25: 4-5 | J25: mano-buona | K25: NO | N25: SI | O25: NO | P25: NO | Q25: NO | R25: SI | Z25: 2 | AG25: 0 | AH25: G03_A_cn_sestri | AI25: 3 | AJ25: 2026-01-24 | AK25: 10:00 | AL25: Pia Grande, Monza | AM25: Casa | AN25: CN Sestri
A26: A|SESTRI | B26: CN Sestri | C26: A | D26: SOLDI | E26: SOLDI | F26: movimento | G26: movimento | H26: D | I26: 1-2 | J26: mano-cattiva | K26: NO | N26: SI | O26: NO | P26: NO | Q26: NO | R26: SI | T26: 2 | U26: 1 | AG26: 0 | AH26: G03_A_cn_sestri | AI26: 3 | AJ26: 2026-01-24 | AK26: 10:00 | AL26: Pia Grande, Monza | AM26: Casa | AN26: CN Sestri
A27: A|SESTRI | B27: CN Sestri | C27: A | D27: STERI | E27: STERI | F27: movimento | G27: movimento | H27: D | I27: 6 | J27: centroboa | K27: NO | N27: SI | O27: NO | P27: NO | Q27: NO | R27: SI | S27: 1 | U27: 2 | W27: 1 | Z27: 1 | AD27: 1 | AG27: 0.5 | AH27: G03_A_cn_sestri | AI27: 3 | AJ27: 2026-01-24 | AK27: 10:00 | AL27: Pia Grande, Monza | AM27: Casa | AN27: CN Sestri
A28: A|SESTRI | B28: CN Sestri | C28: A | D28: ZENO | E28: ZENO | F28: movimento | G28: movimento | H28: D | I28: 4-5 | J28: mano-buona | K28: NO | N28: SI | O28: NO | P28: NO | Q28: NO | R28: SI | S28: 3 | T28: 1 | U28: 5 | Z28: 1 | AA28: 1 | AD28: 2 | AE28: 2 | AG28: 0.6 | AH28: G03_A_cn_sestri | AI28: 3 | AJ28: 2026-01-24 | AK28: 10:00 | AL28: Pia Grande, Monza | AM28: Casa | AN28: CN Sestri
A29: A|SESTRI | B29: CN Sestri | C29: A | D29: LUCA BOLO | E29: LUCA BOLO | F29: portiere | G29: portiere | H29: D | I29: GK | J29: portiere | K29: NO | N29: SI | O29: NO | P29: NO | Q29: SI | R29: SI | T29: 1 | Y29: 8 | AC29: 10 | AF29: 0.444444 | AH29: G03_A_cn_sestri | AI29: 3 | AJ29: 2026-01-24 | AK29: 10:00 | AL29: Pia Grande, Monza | AM29: Casa | AN29: CN Sestri
A30: A|SESTRI | B30: CN Sestri | C30: A | D30: SANTA | E30: SANTA | F30: portiere | G30: portiere | H30: S | I30: GK | J30: portiere | K30: NO | N30: SI | O30: NO | P30: SI | Q30: NO | R30: SI | AF30: 0 | AH30: G03_A_cn_sestri | AI30: 3 | AJ30: 2026-01-24 | AK30: 10:00 | AL30: Pia Grande, Monza | AM30: Casa | AN30: CN Sestri
A31: A|DORIA | B31: SG Andrea Doria | C31: A | D31: BIGA | E31: BIGA | F31: movimento | G31: movimento | H31: D | I31: 4-5 | J31: mano-buona | K31: SI | L31: 1,2,4,5 | M31: principalmente 1,2,4,5 | N31: SI | O31: NO | P31: NO | Q31: NO | R31: SI | V31: 2 | Z31: 1 | AB31: 2 | AE31: 1 | AG31: 0 | AH31: G04_A_sg_andrea_doria | AI31: 4 | AJ31: 2026-01-31 | AK31: 13:00 | AL31: Comunale, Sori (GE) | AM31: Trasferta | AN31: SG Andrea Doria
A32: A|DORIA | B32: SG Andrea Doria | C32: A | D32: BOBBOX | E32: BOBBOX | F32: movimento | G32: movimento | H32: D | I32: 3 | J32: marcatore del centro | K32: NO | N32: SI | O32: NO | P32: NO | Q32: NO | R32: SI | S32: 1 | T32: 2 | U32: 1 | Z32: 2 | AB32: 1 | AG32: 1 | AH32: G04_A_sg_andrea_doria | AI32: 4 | AJ32: 2026-01-31 | AK32: 13:00 | AL32: Comunale, Sori (GE) | AM32: Trasferta | AN32: SG Andrea Doria
A33: A|DORIA | B33: SG Andrea Doria | C33: A | D33: BOBBY | E33: BOBBY | F33: movimento | G33: movimento | H33: D | I33: 4-5 | J33: mano-buona | K33: SI | L33: 4,5,6 | M33: jolly | N33: SI | O33: NO | P33: NO | Q33: NO | R33: SI | S33: 1 | T33: 1 | U33: 4 | V33: 1 | W33: 2 | X33: 1 | AD33: 3 | AG33: 0.25 | AH33: G04_A_sg_andrea_doria | AI33: 4 | AJ33: 2026-01-31 | AK33: 13:00 | AL33: Comunale, Sori (GE) | AM33: Trasferta | AN33: SG Andrea Doria
A34: A|DORIA | B34: SG Andrea Doria | C34: A | D34: CRIVE A. | E34: CRIVE A. | F34: movimento | G34: movimento | H34: D | I34: 6 | J34: centroboa | K34: SI | L34: 3,4,5,6 | M34: jolly | N34: SI | O34: NO | P34: NO | Q34: NO | R34: SI | W34: 1 | X34: 3 | AB34: 1 | AD34: 2 | AE34: 1 | AG34: 0 | AH34: G04_A_sg_andrea_doria | AI34: 4 | AJ34: 2026-01-31 | AK34: 13:00 | AL34: Comunale, Sori (GE) | AM34: Trasferta | AN34: SG Andrea Doria
A35: A|DORIA | B35: SG Andrea Doria | C35: A | D35: CRIVE L. | E35: CRIVE L. | F35: movimento | G35: movimento | H35: D | I35: 1-2 | J35: mano-cattiva | K35: NO | N35: SI | O35: NO | P35: NO | Q35: NO | R35: SI | T35: 1 | U35: 2 | AG35: 0 | AH35: G04_A_sg_andrea_doria | AI35: 4 | AJ35: 2026-01-31 | AK35: 13:00 | AL35: Comunale, Sori (GE) | AM35: Trasferta | AN35: SG Andrea Doria
A36: A|DORIA | B36: SG Andrea Doria | C36: A | D36: DONATO | E36: DONATO | F36: movimento | G36: movimento | H36: S | I36: 1-2 | J36: mano-cattiva | K36: NO | N36: SI | O36: NO | P36: NO | Q36: NO | R36: SI | U36: 3 | V36: 2 | AG36: 0 | AH36: G04_A_sg_andrea_doria | AI36: 4 | AJ36: 2026-01-31 | AK36: 13:00 | AL36: Comunale, Sori (GE) | AM36: Trasferta | AN36: SG Andrea Doria
A37: A|DORIA | B37: SG Andrea Doria | C37: A | D37: GULLO | E37: GULLO | F37: movimento | G37: movimento | H37: D | I37: 3 | J37: marcatore del centro | K37: SI | L37: 3,6 | M37: jolly | N37: SI | O37: NO | P37: NO | Q37: NO | R37: SI | S37: 1 | U37: 3 | V37: 2 | AG37: 0.333333 | AH37: G04_A_sg_andrea_doria | AI37: 4 | AJ37: 2026-01-31 | AK37: 13:00 | AL37: Comunale, Sori (GE) | AM37: Trasferta | AN37: SG Andrea Doria
A38: A|DORIA | B38: SG Andrea Doria | C38: A | D38: NOA | E38: NOA | F38: movimento | G38: movimento | H38: D | I38: 1-2 | J38: mano-cattiva | K38: NO | N38: SI | O38: NO | P38: NO | Q38: NO | R38: SI | T38: 1 | U38: 3 | X38: 1 | AB38: 2 | AE38: 1 | AG38: 0 | AH38: G04_A_sg_andrea_doria | AI38: 4 | AJ38: 2026-01-31 | AK38: 13:00 | AL38: Comunale, Sori (GE) | AM38: Trasferta | AN38: SG Andrea Doria
A39: A|DORIA | B39: SG Andrea Doria | C39: A | D39: PASQUA | E39: PASQUA | F39: movimento | G39: movimento | H39: D | I39: 1-2 | J39: mano-cattiva | K39: NO | N39: SI | O39: NO | P39: SI | Q39: NO | R39: SI | AG39: 0 | AH39: G04_A_sg_andrea_doria | AI39: 4 | AJ39: 2026-01-31 | AK39: 13:00 | AL39: Comunale, Sori (GE) | AM39: Trasferta | AN39: SG Andrea Doria
A40: A|DORIA | B40: SG Andrea Doria | C40: A | D40: POPOVIC | E40: POPOVIC | F40: movimento | G40: movimento | H40: D | I40: 4-5 | J40: mano-buona | K40: NO | N40: SI | O40: NO | P40: NO | Q40: NO | R40: SI | S40: 1 | U40: 1 | Z40: 1 | AE40: 1 | AG40: 1 | AH40: G04_A_sg_andrea_doria | AI40: 4 | AJ40: 2026-01-31 | AK40: 13:00 | AL40: Comunale, Sori (GE) | AM40: Trasferta | AN40: SG Andrea Doria
A41: A|DORIA | B41: SG Andrea Doria | C41: A | D41: SOLDI | E41: SOLDI | F41: movimento | G41: movimento | H41: D | I41: 1-2 | J41: mano-cattiva | K41: NO | N41: SI | O41: NO | P41: NO | Q41: NO | R41: SI | U41: 2 | AE41: 1 | AG41: 0 | AH41: G04_A_sg_andrea_doria | AI41: 4 | AJ41: 2026-01-31 | AK41: 13:00 | AL41: Comunale, Sori (GE) | AM41: Trasferta | AN41: SG Andrea Doria
A42: A|DORIA | B42: SG Andrea Doria | C42: A | D42: STERI | E42: STERI | F42: movimento | G42: movimento | H42: D | I42: 6 | J42: centroboa | K42: NO | N42: SI | O42: NO | P42: NO | Q42: NO | R42: SI | S42: 2 | U42: 4 | AD42: 2 | AG42: 0.5 | AH42: G04_A_sg_andrea_doria | AI42: 4 | AJ42: 2026-01-31 | AK42: 13:00 | AL42: Comunale, Sori (GE) | AM42: Trasferta | AN42: SG Andrea Doria
A43: A|DORIA | B43: SG Andrea Doria | C43: A | D43: ZENO | E43: ZENO | F43: movimento | G43: movimento | H43: D | I43: 4-5 | J43: mano-buona | K43: NO | N43: SI | O43: NO | P43: NO | Q43: NO | R43: SI | S43: 7 | U43: 11 | V43: 1 | X43: 1 | Z43: 1 | AB43: 3 | AE43: 1 | AG43: 0.636364 | AH43: G04_A_sg_andrea_doria | AI43: 4 | AJ43: 2026-01-31 | AK43: 13:00 | AL43: Comunale, Sori (GE) | AM43: Trasferta | AN43: SG Andrea Doria
A44: A|DORIA | B44: SG Andrea Doria | C44: A | D44: LUCA BOLO | E44: LUCA BOLO | F44: portiere | G44: portiere | H44: D | I44: GK | J44: portiere | K44: NO | N44: SI | O44: NO | P44: NO | Q44: SI | R44: SI | T44: 1 | V44: 1 | Y44: 6 | AC44: 10 | AF44: 0.375 | AH44: G04_A_sg_andrea_doria | AI44: 4 | AJ44: 2026-01-31 | AK44: 13:00 | AL44: Comunale, Sori (GE) | AM44: Trasferta | AN44: SG Andrea Doria
A45: A|DORIA | B45: SG Andrea Doria | C45: A | D45: SANTA | E45: SANTA | F45: portiere | G45: portiere | H45: S | I45: GK | J45: portiere | K45: NO | N45: SI | O45: NO | P45: SI | Q45: NO | R45: SI | AF45: 0 | AH45: G04_A_sg_andrea_doria | AI45: 4 | AJ45: 2026-01-31 | AK45: 13:00 | AL45: Comunale, Sori (GE) | AM45: Trasferta | AN45: SG Andrea Doria
A46: A|BUSTO | B46: Busto PN | C46: A | D46: BIGA | E46: BIGA | F46: movimento | G46: movimento | H46: D | I46: 4-5 | J46: mano-buona | K46: SI | L46: 1,2,4,5 | M46: principalmente 1,2,4,5 | N46: SI | O46: NO | P46: NO | Q46: NO | R46: SI | T46: 1 | U46: 1 | W46: 2 | Z46: 2 | AB46: 1 | AE46: 1 | AG46: 0 | AH46: G05_A_busto_pn | AI46: 5 | AJ46: 2026-02-07 | AK46: 19:00 | AL46: Comunale, Dalmine (BG) | AM46: Casa | AN46: Busto PN
A47: A|BUSTO | B47: Busto PN | C47: A | D47: BOBBOX | E47: BOBBOX | F47: movimento | G47: movimento | H47: D | I47: 3 | J47: marcatore del centro | K47: NO | N47: SI | O47: NO | P47: NO | Q47: NO | R47: SI | Z47: 1 | AB47: 1 | AE47: 1 | AG47: 0 | AH47: G05_A_busto_pn | AI47: 5 | AJ47: 2026-02-07 | AK47: 19:00 | AL47: Comunale, Dalmine (BG) | AM47: Casa | AN47: Busto PN
A48: A|BUSTO | B48: Busto PN | C48: A | D48: BOBBY | E48: BOBBY | F48: movimento | G48: movimento | H48: D | I48: 4-5 | J48: mano-buona | K48: SI | L48: 4,5,6 | M48: jolly | N48: SI | O48: NO | P48: NO | Q48: NO | R48: SI | S48: 2 | T48: 2 | U48: 5 | W48: 1 | Z48: 2 | AD48: 1 | AG48: 0.4 | AH48: G05_A_busto_pn | AI48: 5 | AJ48: 2026-02-07 | AK48: 19:00 | AL48: Comunale, Dalmine (BG) | AM48: Casa | AN48: Busto PN
A49: A|BUSTO | B49: Busto PN | C49: A | D49: CRIVE A. | E49: CRIVE A. | F49: movimento | G49: movimento | H49: D | I49: 6 | J49: centroboa | K49: SI | L49: 3,4,5,6 | M49: jolly | N49: SI | O49: NO | P49: NO | Q49: NO | R49: SI | S49: 1 | T49: 1 | U49: 2 | W49: 1 | X49: 1 | AE49: 1 | AG49: 0.5 | AH49: G05_A_busto_pn | AI49: 5 | AJ49: 2026-02-07 | AK49: 19:00 | AL49: Comunale, Dalmine (BG) | AM49: Casa | AN49: Busto PN
A50: A|BUSTO | B50: Busto PN | C50: A | D50: CRIVE L. | E50: CRIVE L. | F50: movimento | G50: movimento | H50: D | I50: 1-2 | J50: mano-cattiva | K50: NO | N50: SI | O50: NO | P50: NO | Q50: NO | R50: SI | T50: 1 | U50: 1 | AA50: 1 | AB50: 2 | AE50: 2 | AG50: 0 | AH50: G05_A_busto_pn | AI50: 5 | AJ50: 2026-02-07 | AK50: 19:00 | AL50: Comunale, Dalmine (BG) | AM50: Casa | AN50: Busto PN
A51: A|BUSTO | B51: Busto PN | C51: A | D51: DONATO | E51: DONATO | F51: movimento | G51: movimento | H51: S | I51: 1-2 | J51: mano-cattiva | K51: NO | N51: SI | O51: NO | P51: NO | Q51: NO | R51: SI | S51: 1 | U51: 3 | V51: 1 | AB51: 1 | AE51: 1 | AG51: 0.333333 | AH51: G05_A_busto_pn | AI51: 5 | AJ51: 2026-02-07 | AK51: 19:00 | AL51: Comunale, Dalmine (BG) | AM51: Casa | AN51: Busto PN
A52: A|BUSTO | B52: Busto PN | C52: A | D52: GULLO | E52: GULLO | F52: movimento | G52: movimento | H52: D | I52: 3 | J52: marcatore del centro | K52: SI | L52: 3,6 | M52: jolly | N52: SI | O52: NO | P52: NO | Q52: NO | R52: SI | S52: 1 | U52: 2 | W52: 2 | Z52: 1 | AB52: 1 | AE52: 2 | AG52: 0.5 | AH52: G05_A_busto_pn | AI52: 5 | AJ52: 2026-02-07 | AK52: 19:00 | AL52: Comunale, Dalmine (BG) | AM52: Casa | AN52: Busto PN
A53: A|BUSTO | B53: Busto PN | C53: A | D53: NOA | E53: NOA | F53: movimento | G53: movimento | H53: D | I53: 1-2 | J53: mano-cattiva | K53: NO | N53: SI | O53: NO | P53: NO | Q53: NO | R53: SI | U53: 1 | Z53: 1 | AB53: 1 | AE53: 1 | AG53: 0 | AH53: G05_A_busto_pn | AI53: 5 | AJ53: 2026-02-07 | AK53: 19:00 | AL53: Comunale, Dalmine (BG) | AM53: Casa | AN53: Busto PN
A54: A|BUSTO | B54: Busto PN | C54: A | D54: PASQUA | E54: PASQUA | F54: movimento | G54: movimento | H54: D | I54: 1-2 | J54: mano-cattiva | K54: NO | N54: SI | O54: NO | P54: SI | Q54: NO | R54: SI | AG54: 0 | AH54: G05_A_busto_pn | AI54: 5 | AJ54: 2026-02-07 | AK54: 19:00 | AL54: Comunale, Dalmine (BG) | AM54: Casa | AN54: Busto PN
A55: A|BUSTO | B55: Busto PN | C55: A | D55: POPOVIC | E55: POPOVIC | F55: movimento | G55: movimento | H55: D | I55: 4-5 | J55: mano-buona | K55: NO | N55: SI | O55: NO | P55: NO | Q55: NO | R55: SI | U55: 1 | V55: 1 | AG55: 0 | AH55: G05_A_busto_pn | AI55: 5 | AJ55: 2026-02-07 | AK55: 19:00 | AL55: Comunale, Dalmine (BG) | AM55: Casa | AN55: Busto PN
A56: A|BUSTO | B56: Busto PN | C56: A | D56: SOLDI | E56: SOLDI | F56: movimento | G56: movimento | H56: D | I56: 1-2 | J56: mano-cattiva | K56: NO | N56: SI | O56: NO | P56: NO | Q56: NO | R56: SI | T56: 3 | U56: 2 | W56: 1 | AD56: 1 | AG56: 0 | AH56: G05_A_busto_pn | AI56: 5 | AJ56: 2026-02-07 | AK56: 19:00 | AL56: Comunale, Dalmine (BG) | AM56: Casa | AN56: Busto PN
A57: A|BUSTO | B57: Busto PN | C57: A | D57: STERI | E57: STERI | F57: movimento | G57: movimento | H57: D | I57: 6 | J57: centroboa | K57: NO | N57: SI | O57: NO | P57: NO | Q57: NO | R57: SI | S57: 1 | U57: 3 | W57: 7 | AB57: 2 | AD57: 1 | AE57: 1 | AG57: 0.333333 | AH57: G05_A_busto_pn | AI57: 5 | AJ57: 2026-02-07 | AK57: 19:00 | AL57: Comunale, Dalmine (BG) | AM57: Casa | AN57: Busto PN
A58: A|BUSTO | B58: Busto PN | C58: A | D58: ZENO | E58: ZENO | F58: movimento | G58: movimento | H58: D | I58: 4-5 | J58: mano-buona | K58: NO | N58: SI | O58: NO | P58: NO | Q58: NO | R58: SI | S58: 5 | U58: 10 | W58: 1 | AB58: 3 | AE58: 3 | AG58: 0.5 | AH58: G05_A_busto_pn | AI58: 5 | AJ58: 2026-02-07 | AK58: 19:00 | AL58: Comunale, Dalmine (BG) | AM58: Casa | AN58: Busto PN
A59: A|BUSTO | B59: Busto PN | C59: A | D59: LUCA BOLO | E59: LUCA BOLO | F59: portiere | G59: portiere | H59: D | I59: GK | J59: portiere | K59: NO | N59: SI | O59: NO | P59: NO | Q59: SI | R59: SI | Y59: 5 | AC59: 10 | AE59: 2 | AF59: 0.333333 | AH59: G05_A_busto_pn | AI59: 5 | AJ59: 2026-02-07 | AK59: 19:00 | AL59: Comunale, Dalmine (BG) | AM59: Casa | AN59: Busto PN
A60: A|BUSTO | B60: Busto PN | C60: A | D60: SANTA | E60: SANTA | F60: portiere | G60: portiere | H60: S | I60: GK | J60: portiere | K60: NO | N60: SI | O60: NO | P60: NO | Q60: SI | R60: SI | Y60: 4 | AC60: 3 | AF60: 0.571429 | AH60: G05_A_busto_pn | AI60: 5 | AJ60: 2026-02-07 | AK60: 19:00 | AL60: Comunale, Dalmine (BG) | AM60: Casa | AN60: Busto PN
A61: A|ONDABLU | B61: Onda Blu Dalmine | C61: A | D61: BOBBOX | E61: BOBBOX | F61: movimento | G61: movimento | H61: D | I61: 3 | J61: marcatore del centro | K61: NO | N61: SI | O61: NO | P61: NO | Q61: NO | R61: SI | T61: 1 | Z61: 1 | AA61: 1 | AB61: 2 | AG61: 0 | AH61: G06_A_onda_blu_dalmine | AI61: 6 | AJ61: 2026-02-14 | AK61: 21:00 | AL61: Pia Grande, Monza | AM61: Trasferta | AN61: Onda Blu Dalmine
A62: A|ONDABLU | B62: Onda Blu Dalmine | C62: A | D62: BOBBY | E62: BOBBY | F62: movimento | G62: movimento | H62: D | I62: 4-5 | J62: mano-buona | K62: SI | L62: 4,5,6 | M62: jolly | N62: SI | O62: NO | P62: NO | Q62: NO | R62: SI | S62: 1 | T62: 1 | U62: 8 | W62: 1 | Z62: 2 | AB62: 2 | AE62: 2 | AG62: 0.125 | AH62: G06_A_onda_blu_dalmine | AI62: 6 | AJ62: 2026-02-14 | AK62: 21:00 | AL62: Pia Grande, Monza | AM62: Trasferta | AN62: Onda Blu Dalmine
A63: A|ONDABLU | B63: Onda Blu Dalmine | C63: A | D63: CRIVE A. | E63: CRIVE A. | F63: movimento | G63: movimento | H63: D | I63: 6 | J63: centroboa | K63: SI | L63: 3,4,5,6 | M63: jolly | N63: SI | O63: NO | P63: NO | Q63: NO | R63: SI | T63: 2 | U63: 3 | V63: 1 | W63: 3 | AD63: 1 | AE63: 2 | AG63: 0 | AH63: G06_A_onda_blu_dalmine | AI63: 6 | AJ63: 2026-02-14 | AK63: 21:00 | AL63: Pia Grande, Monza | AM63: Trasferta | AN63: Onda Blu Dalmine
A64: A|ONDABLU | B64: Onda Blu Dalmine | C64: A | D64: CRIVE L. | E64: CRIVE L. | F64: movimento | G64: movimento | H64: D | I64: 1-2 | J64: mano-cattiva | K64: NO | N64: SI | O64: NO | P64: NO | Q64: NO | R64: SI | AB64: 2 | AD64: 1 | AG64: 0 | AH64: G06_A_onda_blu_dalmine | AI64: 6 | AJ64: 2026-02-14 | AK64: 21:00 | AL64: Pia Grande, Monza | AM64: Trasferta | AN64: Onda Blu Dalmine
A65: A|ONDABLU | B65: Onda Blu Dalmine | C65: A | D65: DONATO | E65: DONATO | F65: movimento | G65: movimento | H65: S | I65: 1-2 | J65: mano-cattiva | K65: NO | N65: SI | O65: NO | P65: NO | Q65: NO | R65: SI | S65: 1 | U65: 4 | V65: 1 | W65: 1 | X65: 1 | Z65: 1 | AB65: 2 | AE65: 1 | AG65: 0.25 | AH65: G06_A_onda_blu_dalmine | AI65: 6 | AJ65: 2026-02-14 | AK65: 21:00 | AL65: Pia Grande, Monza | AM65: Trasferta | AN65: Onda Blu Dalmine
A66: A|ONDABLU | B66: Onda Blu Dalmine | C66: A | D66: GULLO | E66: GULLO | F66: movimento | G66: movimento | H66: D | I66: 3 | J66: marcatore del centro | K66: SI | L66: 3,6 | M66: jolly | N66: SI | O66: NO | P66: NO | Q66: NO | R66: SI | W66: 1 | Z66: 3 | AB66: 2 | AE66: 1 | AG66: 0 | AH66: G06_A_onda_blu_dalmine | AI66: 6 | AJ66: 2026-02-14 | AK66: 21:00 | AL66: Pia Grande, Monza | AM66: Trasferta | AN66: Onda Blu Dalmine
A67: A|ONDABLU | B67: Onda Blu Dalmine | C67: A | D67: PASQUA | E67: PASQUA | F67: movimento | G67: movimento | H67: D | I67: 1-2 | J67: mano-cattiva | K67: NO | N67: SI | O67: NO | P67: NO | Q67: NO | R67: SI | AE67: 1 | AG67: 0 | AH67: G06_A_onda_blu_dalmine | AI67: 6 | AJ67: 2026-02-14 | AK67: 21:00 | AL67: Pia Grande, Monza | AM67: Trasferta | AN67: Onda Blu Dalmine
A68: A|ONDABLU | B68: Onda Blu Dalmine | C68: A | D68: POPOVIC | E68: POPOVIC | F68: movimento | G68: movimento | H68: D | I68: 4-5 | J68: mano-buona | K68: NO | N68: SI | O68: NO | P68: NO | Q68: NO | R68: SI | U68: 3 | Z68: 1 | AB68: 1 | AE68: 1 | AG68: 0 | AH68: G06_A_onda_blu_dalmine | AI68: 6 | AJ68: 2026-02-14 | AK68: 21:00 | AL68: Pia Grande, Monza | AM68: Trasferta | AN68: Onda Blu Dalmine
A69: A|ONDABLU | B69: Onda Blu Dalmine | C69: A | D69: SOLDI | E69: SOLDI | F69: movimento | G69: movimento | H69: D | I69: 1-2 | J69: mano-cattiva | K69: NO | N69: SI | O69: NO | P69: NO | Q69: NO | R69: SI | Z69: 2 | AE69: 1 | AG69: 0 | AH69: G06_A_onda_blu_dalmine | AI69: 6 | AJ69: 2026-02-14 | AK69: 21:00 | AL69: Pia Grande, Monza | AM69: Trasferta | AN69: Onda Blu Dalmine
A70: A|ONDABLU | B70: Onda Blu Dalmine | C70: A | D70: STERI | E70: STERI | F70: movimento | G70: movimento | H70: D | I70: 6 | J70: centroboa | K70: NO | N70: SI | O70: NO | P70: NO | Q70: NO | R70: SI | S70: 1 | U70: 3 | V70: 1 | W70: 3 | X70: 2 | Z70: 1 | AB70: 3 | AE70: 1 | AG70: 0.333333 | AH70: G06_A_onda_blu_dalmine | AI70: 6 | AJ70: 2026-02-14 | AK70: 21:00 | AL70: Pia Grande, Monza | AM70: Trasferta | AN70: Onda Blu Dalmine
A71: A|ONDABLU | B71: Onda Blu Dalmine | C71: A | D71: ZENO | E71: ZENO | F71: movimento | G71: movimento | H71: D | I71: 4-5 | J71: mano-buona | K71: NO | N71: SI | O71: NO | P71: NO | Q71: NO | R71: SI | S71: 4 | U71: 7 | V71: 1 | Z71: 1 | AB71: 3 | AE71: 3 | AG71: 0.571429 | AH71: G06_A_onda_blu_dalmine | AI71: 6 | AJ71: 2026-02-14 | AK71: 21:00 | AL71: Pia Grande, Monza | AM71: Trasferta | AN71: Onda Blu Dalmine
A72: A|ONDABLU | B72: Onda Blu Dalmine | C72: A | D72: LUCA BOLO | E72: LUCA BOLO | F72: portiere | G72: portiere | H72: D | I72: GK | J72: portiere | K72: NO | N72: SI | O72: NO | P72: NO | Q72: SI | R72: SI | V72: 1 | Y72: 5 | AC72: 8 | AE72: 1 | AF72: 0.384615 | AH72: G06_A_onda_blu_dalmine | AI72: 6 | AJ72: 2026-02-14 | AK72: 21:00 | AL72: Pia Grande, Monza | AM72: Trasferta | AN72: Onda Blu Dalmine
A73: A|ONDABLU | B73: Onda Blu Dalmine | C73: A | D73: SANTA | E73: SANTA | F73: portiere | G73: portiere | H73: S | I73: GK | J73: portiere | K73: NO | N73: SI | O73: NO | P73: NO | Q73: SI | R73: SI | Y73: 2 | AC73: 5 | AF73: 0.285714 | AH73: G06_A_onda_blu_dalmine | AI73: 6 | AJ73: 2026-02-14 | AK73: 21:00 | AL73: Pia Grande, Monza | AM73: Trasferta | AN73: Onda Blu Dalmine
A74: A|BOCCONI | B74: Bocconi Sport Team | C74: A | D74: BIGA | E74: BIGA | F74: movimento | G74: movimento | H74: D | I74: 4-5 | J74: mano-buona | K74: SI | L74: 1,2,4,5 | M74: principalmente 1,2,4,5 | N74: SI | O74: NO | P74: NO | Q74: NO | R74: SI | T74: 1 | U74: 1 | AD74: 1 | AE74: 2 | AG74: 0 | AH74: G07_A_bocconi_sport_team | AI74: 7 | AJ74: 2026-02-21 | AK74: 21:30 | AL74: Pia Grande, Monza | AM74: Casa | AN74: Bocconi Sport Team
A75: A|BOCCONI | B75: Bocconi Sport Team | C75: A | D75: BOBBOX | E75: BOBBOX | F75: movimento | G75: movimento | H75: D | I75: 3 | J75: marcatore del centro | K75: NO | N75: SI | O75: NO | P75: NO | Q75: NO | R75: SI | T75: 2 | U75: 1 | W75: 1 | AB75: 1 | AE75: 2 | AG75: 0 | AH75: G07_A_bocconi_sport_team | AI75: 7 | AJ75: 2026-02-21 | AK75: 21:30 | AL75: Pia Grande, Monza | AM75: Casa | AN75: Bocconi Sport Team
A76: A|BOCCONI | B76: Bocconi Sport Team | C76: A | D76: BOBBY | E76: BOBBY | F76: movimento | G76: movimento | H76: D | I76: 4-5 | J76: mano-buona | K76: SI | L76: 4,5,6 | M76: jolly | N76: SI | O76: NO | P76: NO | Q76: NO | R76: SI | S76: 3 | U76: 6 | V76: 2 | W76: 1 | Z76: 1 | AB76: 1 | AE76: 2 | AG76: 0.5 | AH76: G07_A_bocconi_sport_team | AI76: 7 | AJ76: 2026-02-21 | AK76: 21:30 | AL76: Pia Grande, Monza | AM76: Casa | AN76: Bocconi Sport Team
A77: A|BOCCONI | B77: Bocconi Sport Team | C77: A | D77: CRIVE A. | E77: CRIVE A. | F77: movimento | G77: movimento | H77: D | I77: 6 | J77: centroboa | K77: SI | L77: 3,4,5,6 | M77: jolly | N77: SI | O77: NO | P77: NO | Q77: NO | R77: SI | S77: 1 | U77: 3 | V77: 1 | Z77: 2 | AD77: 1 | AE77: 3 | AG77: 0.333333 | AH77: G07_A_bocconi_sport_team | AI77: 7 | AJ77: 2026-02-21 | AK77: 21:30 | AL77: Pia Grande, Monza | AM77: Casa | AN77: Bocconi Sport Team
A78: A|BOCCONI | B78: Bocconi Sport Team | C78: A | D78: CRIVE L. | E78: CRIVE L. | F78: movimento | G78: movimento | H78: D | I78: 1-2 | J78: mano-cattiva | K78: NO | N78: SI | O78: NO | P78: NO | Q78: NO | R78: SI | S78: 1 | T78: 1 | U78: 2 | V78: 1 | W78: 1 | X78: 1 | AB78: 2 | AD78: 1 | AE78: 1 | AG78: 0.5 | AH78: G07_A_bocconi_sport_team | AI78: 7 | AJ78: 2026-02-21 | AK78: 21:30 | AL78: Pia Grande, Monza | AM78: Casa | AN78: Bocconi Sport Team
A79: A|BOCCONI | B79: Bocconi Sport Team | C79: A | D79: DONATO | E79: DONATO | F79: movimento | G79: movimento | H79: S | I79: 1-2 | J79: mano-cattiva | K79: NO | N79: SI | O79: NO | P79: NO | Q79: NO | R79: SI | S79: 1 | U79: 7 | V79: 1 | X79: 2 | AB79: 1 | AE79: 1 | AG79: 0.142857 | AH79: G07_A_bocconi_sport_team | AI79: 7 | AJ79: 2026-02-21 | AK79: 21:30 | AL79: Pia Grande, Monza | AM79: Casa | AN79: Bocconi Sport Team
A80: A|BOCCONI | B80: Bocconi Sport Team | C80: A | D80: GULLO | E80: GULLO | F80: movimento | G80: movimento | H80: D | I80: 3 | J80: marcatore del centro | K80: SI | L80: 3,6 | M80: jolly | N80: SI | O80: NO | P80: NO | Q80: NO | R80: SI | S80: 1 | U80: 2 | V80: 1 | W80: 5 | X80: 3 | Z80: 3 | AB80: 1 | AE80: 1 | AG80: 0.5 | AH80: G07_A_bocconi_sport_team | AI80: 7 | AJ80: 2026-02-21 | AK80: 21:30 | AL80: Pia Grande, Monza | AM80: Casa | AN80: Bocconi Sport Team
A81: A|BOCCONI | B81: Bocconi Sport Team | C81: A | D81: PASQUA | E81: PASQUA | F81: movimento | G81: movimento | H81: D | I81: 1-2 | J81: mano-cattiva | K81: NO | N81: SI | O81: NO | P81: SI | Q81: NO | R81: SI | AG81: 0 | AH81: G07_A_bocconi_sport_team | AI81: 7 | AJ81: 2026-02-21 | AK81: 21:30 | AL81: Pia Grande, Monza | AM81: Casa | AN81: Bocconi Sport Team
A82: A|BOCCONI | B82: Bocconi Sport Team | C82: A | D82: POPOVIC | E82: POPOVIC | F82: movimento | G82: movimento | H82: D | I82: 4-5 | J82: mano-buona | K82: NO | N82: SI | O82: NO | P82: NO | Q82: NO | R82: SI | S82: 1 | U82: 3 | AB82: 1 | AE82: 2 | AG82: 0.333333 | AH82: G07_A_bocconi_sport_team | AI82: 7 | AJ82: 2026-02-21 | AK82: 21:30 | AL82: Pia Grande, Monza | AM82: Casa | AN82: Bocconi Sport Team
A83: A|BOCCONI | B83: Bocconi Sport Team | C83: A | D83: SOLDI | E83: SOLDI | F83: movimento | G83: movimento | H83: D | I83: 1-2 | J83: mano-cattiva | K83: NO | N83: SI | O83: NO | P83: NO | Q83: NO | R83: SI | T83: 1 | V83: 1 | X83: 1 | AG83: 0 | AH83: G07_A_bocconi_sport_team | AI83: 7 | AJ83: 2026-02-21 | AK83: 21:30 | AL83: Pia Grande, Monza | AM83: Casa | AN83: Bocconi Sport Team
A84: A|BOCCONI | B84: Bocconi Sport Team | C84: A | D84: STERI | E84: STERI | F84: movimento | G84: movimento | H84: D | I84: 6 | J84: centroboa | K84: NO | N84: SI | O84: NO | P84: NO | Q84: NO | R84: SI | U84: 1 | AB84: 1 | AE84: 1 | AG84: 0 | AH84: G07_A_bocconi_sport_team | AI84: 7 | AJ84: 2026-02-21 | AK84: 21:30 | AL84: Pia Grande, Monza | AM84: Casa | AN84: Bocconi Sport Team
A85: A|BOCCONI | B85: Bocconi Sport Team | C85: A | D85: ZENO | E85: ZENO | F85: movimento | G85: movimento | H85: D | I85: 4-5 | J85: mano-buona | K85: NO | N85: SI | O85: NO | P85: NO | Q85: NO | R85: SI | S85: 2 | T85: 1 | U85: 7 | W85: 1 | Z85: 2 | AB85: 2 | AD85: 2 | AE85: 2 | AG85: 0.285714 | AH85: G07_A_bocconi_sport_team | AI85: 7 | AJ85: 2026-02-21 | AK85: 21:30 | AL85: Pia Grande, Monza | AM85: Casa | AN85: Bocconi Sport Team
A86: A|BOCCONI | B86: Bocconi Sport Team | C86: A | D86: LUCA BOLO | E86: LUCA BOLO | F86: portiere | G86: portiere | H86: D | I86: GK | J86: portiere | K86: NO | N86: SI | O86: NO | P86: NO | Q86: SI | R86: SI | T86: 1 | Y86: 12 | AC86: 11 | AF86: 0.521739 | AH86: G07_A_bocconi_sport_team | AI86: 7 | AJ86: 2026-02-21 | AK86: 21:30 | AL86: Pia Grande, Monza | AM86: Casa | AN86: Bocconi Sport Team
A87: A|BOCCONI | B87: Bocconi Sport Team | C87: A | D87: SANTA | E87: SANTA | F87: portiere | G87: portiere | H87: S | I87: GK | J87: portiere | K87: NO | N87: SI | O87: NO | P87: SI | Q87: NO | R87: SI | AF87: 0 | AH87: G07_A_bocconi_sport_team | AI87: 7 | AJ87: 2026-02-21 | AK87: 21:30 | AL87: Pia Grande, Monza | AM87: Casa | AN87: Bocconi Sport Team
A88: A|PNCOMO | B88: PN Como | C88: A | D88: BIGA | E88: BIGA | F88: movimento | G88: movimento | H88: D | I88: 4-5 | J88: mano-buona | K88: SI | L88: 1,2,4,5 | M88: principalmente 1,2,4,5 | N88: SI | O88: NO | P88: NO | Q88: NO | R88: SI | S88: 2 | T88: 2 | U88: 4 | V88: 1 | AB88: 1 | AD88: 1 | AG88: 0.5 | AH88: G08_A_pn_como | AI88: 8 | AJ88: 2026-02-28 | AK88: 18:30 | AL88: Comunale, Cantu' (CO) | AM88: Trasferta | AN88: PN Como
A89: A|PNCOMO | B89: PN Como | C89: A | D89: BOBBOX | E89: BOBBOX | F89: movimento | G89: movimento | H89: D | I89: 3 | J89: marcatore del centro | K89: NO | N89: SI | O89: NO | P89: NO | Q89: NO | R89: SI | Z89: 1 | AE89: 1 | AG89: 0 | AH89: G08_A_pn_como | AI89: 8 | AJ89: 2026-02-28 | AK89: 18:30 | AL89: Comunale, Cantu' (CO) | AM89: Trasferta | AN89: PN Como
A90: A|PNCOMO | B90: PN Como | C90: A | D90: BOBBY | E90: BOBBY | F90: movimento | G90: movimento | H90: D | I90: 4-5 | J90: mano-buona | K90: SI | L90: 4,5,6 | M90: jolly | N90: SI | O90: NO | P90: NO | Q90: NO | R90: SI | T90: 1 | U90: 3 | V90: 1 | W90: 1 | AB90: 3 | AD90: 1 | AE90: 2 | AG90: 0 | AH90: G08_A_pn_como | AI90: 8 | AJ90: 2026-02-28 | AK90: 18:30 | AL90: Comunale, Cantu' (CO) | AM90: Trasferta | AN90: PN Como
A91: A|PNCOMO | B91: PN Como | C91: A | D91: CRIVE A. | E91: CRIVE A. | F91: movimento | G91: movimento | H91: D | I91: 6 | J91: centroboa | K91: SI | L91: 3,4,5,6 | M91: jolly | N91: SI | O91: NO | P91: NO | Q91: NO | R91: SI | T91: 2 | U91: 3 | V91: 1 | W91: 7 | Z91: 1 | AB91: 1 | AE91: 1 | AG91: 0 | AH91: G08_A_pn_como | AI91: 8 | AJ91: 2026-02-28 | AK91: 18:30 | AL91: Comunale, Cantu' (CO) | AM91: Trasferta | AN91: PN Como
A92: A|PNCOMO | B92: PN Como | C92: A | D92: CRIVE L. | E92: CRIVE L. | F92: movimento | G92: movimento | H92: D | I92: 1-2 | J92: mano-cattiva | K92: NO | N92: SI | O92: NO | P92: NO | Q92: NO | R92: SI | S92: 2 | T92: 3 | U92: 3 | V92: 1 | Z92: 2 | AB92: 1 | AG92: 0.666667 | AH92: G08_A_pn_como | AI92: 8 | AJ92: 2026-02-28 | AK92: 18:30 | AL92: Comunale, Cantu' (CO) | AM92: Trasferta | AN92: PN Como
A93: A|PNCOMO | B93: PN Como | C93: A | D93: DONATO | E93: DONATO | F93: movimento | G93: movimento | H93: S | I93: 1-2 | J93: mano-cattiva | K93: NO | N93: SI | O93: NO | P93: NO | Q93: NO | R93: SI | AD93: 2 | AG93: 0 | AH93: G08_A_pn_como | AI93: 8 | AJ93: 2026-02-28 | AK93: 18:30 | AL93: Comunale, Cantu' (CO) | AM93: Trasferta | AN93: PN Como
A94: A|PNCOMO | B94: PN Como | C94: A | D94: GULLO | E94: GULLO | F94: movimento | G94: movimento | H94: D | I94: 3 | J94: marcatore del centro | K94: SI | L94: 3,6 | M94: jolly | N94: SI | O94: NO | P94: NO | Q94: NO | R94: SI | S94: 2 | U94: 5 | V94: 1 | W94: 2 | Z94: 2 | AB94: 1 | AD94: 1 | AE94: 2 | AG94: 0.4 | AH94: G08_A_pn_como | AI94: 8 | AJ94: 2026-02-28 | AK94: 18:30 | AL94: Comunale, Cantu' (CO) | AM94: Trasferta | AN94: PN Como
A95: A|PNCOMO | B95: PN Como | C95: A | D95: NOA | E95: NOA | F95: movimento | G95: movimento | H95: D | I95: 1-2 | J95: mano-cattiva | K95: NO | N95: SI | O95: NO | P95: NO | Q95: NO | R95: SI | S95: 2 | T95: 3 | U95: 3 | AB95: 1 | AG95: 0.666667 | AH95: G08_A_pn_como | AI95: 8 | AJ95: 2026-02-28 | AK95: 18:30 | AL95: Comunale, Cantu' (CO) | AM95: Trasferta | AN95: PN Como
A96: A|PNCOMO | B96: PN Como | C96: A | D96: POPOVIC | E96: POPOVIC | F96: movimento | G96: movimento | H96: D | I96: 4-5 | J96: mano-buona | K96: NO | N96: SI | O96: NO | P96: NO | Q96: NO | R96: SI | S96: 2 | U96: 3 | AE96: 1 | AG96: 0.666667 | AH96: G08_A_pn_como | AI96: 8 | AJ96: 2026-02-28 | AK96: 18:30 | AL96: Comunale, Cantu' (CO) | AM96: Trasferta | AN96: PN Como
A97: A|PNCOMO | B97: PN Como | C97: A | D97: SOLDI | E97: SOLDI | F97: movimento | G97: movimento | H97: D | I97: 1-2 | J97: mano-cattiva | K97: NO | N97: SI | O97: NO | P97: NO | Q97: NO | R97: SI | U97: 1 | AE97: 1 | AG97: 0 | AH97: G08_A_pn_como | AI97: 8 | AJ97: 2026-02-28 | AK97: 18:30 | AL97: Comunale, Cantu' (CO) | AM97: Trasferta | AN97: PN Como
A98: A|PNCOMO | B98: PN Como | C98: A | D98: STERI | E98: STERI | F98: movimento | G98: movimento | H98: D | I98: 6 | J98: centroboa | K98: NO | N98: SI | O98: NO | P98: NO | Q98: NO | R98: SI | AB98: 1 | AG98: 0 | AH98: G08_A_pn_como | AI98: 8 | AJ98: 2026-02-28 | AK98: 18:30 | AL98: Comunale, Cantu' (CO) | AM98: Trasferta | AN98: PN Como
A99: A|PNCOMO | B99: PN Como | C99: A | D99: ZENO | E99: ZENO | F99: movimento | G99: movimento | H99: D | I99: 4-5 | J99: mano-buona | K99: NO | N99: SI | O99: NO | P99: NO | Q99: NO | R99: SI | S99: 2 | U99: 8 | V99: 1 | AD99: 1 | AE99: 2 | AG99: 0.25 | AH99: G08_A_pn_como | AI99: 8 | AJ99: 2026-02-28 | AK99: 18:30 | AL99: Comunale, Cantu' (CO) | AM99: Trasferta | AN99: PN Como
A100: A|PNCOMO | B100: PN Como | C100: A | D100: FRANCHI | E100: FRANCHI | F100: portiere | G100: portiere | H100: D | I100: GK | J100: portiere | K100: NO | N100: SI | O100: NO | P100: SI | Q100: NO | R100: SI | AF100: 0 | AH100: G08_A_pn_como | AI100: 8 | AJ100: 2026-02-28 | AK100: 18:30 | AL100: Comunale, Cantu' (CO) | AM100: Trasferta | AN100: PN Como
...

Sheet Valutazione_Partita
A1: match_id | B1: giornata | C1: data | D1: giocatore | E1: ruolo | F1: ruolo_macro | G1: mano | H1: ruolo_base | I1: ruolo_label | J1: jolly | K1: ruoli_jolly | L1: valutazione_lorda | M1: bonus_positivi | N1: malus_negativi | O1: malus_errore_soggettivo | P1: valutazione_finale | Q1: formula_version
A2: G02_A_pn_milano_1 | B2: 2 | C2: 2026-01-17 | D2: BIGA | E2: movimento | F2: movimento | G2: D | H2: 4-5 | I2: mano-buona | J2: SI | K2: 1,2,4,5 | L2: 11.5 | M2: 20 | N2: 8.5 | O2: 0 | P2: 11.5 | Q2: v1
A3: G02_A_pn_milano_1 | B3: 2 | C3: 2026-01-17 | D3: BOBBOX | E3: movimento | F3: movimento | G3: D | H3: 3 | I3: marcatore del centro | J3: NO | L3: 4 | M3: 6 | N3: 2 | O3: 0 | P3: 4 | Q3: v1
A4: G02_A_pn_milano_1 | B4: 2 | C4: 2026-01-17 | D4: BOBBY | E4: movimento | F4: movimento | G4: D | H4: 4-5 | I4: mano-buona | J4: SI | K4: 4,5,6 | L4: -2 | M4: 5.5 | N4: 7.5 | O4: 0 | P4: -2 | Q4: v1
A5: G02_A_pn_milano_1 | B5: 2 | C5: 2026-01-17 | D5: CRIVE A. | E5: movimento | F5: movimento | G5: D | H5: 6 | I5: centroboa | J5: SI | K5: 3,4,5,6 | L5: 25 | M5: 33 | N5: 8 | O5: 0 | P5: 25 | Q5: v1
A6: G02_A_pn_milano_1 | B6: 2 | C6: 2026-01-17 | D6: CRIVE L. | E6: movimento | F6: movimento | G6: D | H6: 1-2 | I6: mano-cattiva | J6: NO | L6: 9.5 | M6: 11.5 | N6: 2 | O6: 0 | P6: 9.5 | Q6: v1
A7: G02_A_pn_milano_1 | B7: 2 | C7: 2026-01-17 | D7: DONATO | E7: movimento | F7: movimento | G7: S | H7: 1-2 | I7: mano-cattiva | J7: NO | L7: -3 | M7: 7.5 | N7: 10.5 | O7: 0 | P7: -3 | Q7: v1
A8: G02_A_pn_milano_1 | B8: 2 | C8: 2026-01-17 | D8: GULLO | E8: movimento | F8: movimento | G8: D | H8: 3 | I8: marcatore del centro | J8: SI | K8: 3,6 | L8: 1.5 | M8: 10 | N8: 8.5 | O8: 0 | P8: 1.5 | Q8: v1
A9: G02_A_pn_milano_1 | B9: 2 | C9: 2026-01-17 | D9: NOA | E9: movimento | F9: movimento | G9: D | H9: 1-2 | I9: mano-cattiva | J9: NO | L9: 0 | M9: 0 | N9: 0 | O9: 0 | P9: 0 | Q9: v1
A10: G02_A_pn_milano_1 | B10: 2 | C10: 2026-01-17 | D10: PASQUA | E10: movimento | F10: movimento | G10: D | H10: 1-2 | I10: mano-cattiva | J10: NO | L10: -1.5 | M10: 5 | N10: 6.5 | O10: 0 | P10: -1.5 | Q10: v1
A11: G02_A_pn_milano_1 | B11: 2 | C11: 2026-01-17 | D11: POPOVIC | E11: movimento | F11: movimento | G11: D | H11: 4-5 | I11: mano-buona | J11: NO | L11: 0.5 | M11: 0.5 | N11: 0 | O11: 0 | P11: 0.5 | Q11: v1
A12: G02_A_pn_milano_1 | B12: 2 | C12: 2026-01-17 | D12: SOLDI | E12: movimento | F12: movimento | G12: D | H12: 1-2 | I12: mano-cattiva | J12: NO | L12: 2.5 | M12: 5 | N12: 2.5 | O12: 0 | P12: 2.5 | Q12: v1
A13: G02_A_pn_milano_1 | B13: 2 | C13: 2026-01-17 | D13: STERI | E13: movimento | F13: movimento | G13: D | H13: 6 | I13: centroboa | J13: NO | L13: 29 | M13: 31 | N13: 2 | O13: 0 | P13: 29 | Q13: v1
A14: G02_A_pn_milano_1 | B14: 2 | C14: 2026-01-17 | D14: ZENO | E14: movimento | F14: movimento | G14: D | H14: 4-5 | I14: mano-buona | J14: NO | L14: 20.5 | M14: 29.5 | N14: 9 | O14: 0 | P14: 20.5 | Q14: v1
A15: G02_A_pn_milano_1 | B15: 2 | C15: 2026-01-17 | D15: LUCA BOLO | E15: portiere | F15: portiere | G15: D | H15: GK | I15: portiere | J15: NO | L15: -3.9 | M15: 30 | N15: 33.9 | O15: 0.9 | P15: -3.9 | Q15: v1
A16: G02_A_pn_milano_1 | B16: 2 | C16: 2026-01-17 | D16: SANTA | E16: portiere | F16: portiere | G16: S | H16: GK | I16: portiere | J16: NO | L16: 0 | M16: 0 | N16: 0 | O16: 0 | P16: 0 | Q16: v1
A17: G03_A_cn_sestri | B17: 3 | C17: 2026-01-24 | D17: BIGA | E17: movimento | F17: movimento | G17: D | H17: 4-5 | I17: mano-buona | J17: SI | K17: 1,2,4,5 | L17: 7 | M17: 13 | N17: 6 | O17: 6 | P17: 7 | Q17: v1
A18: G03_A_cn_sestri | B18: 3 | C18: 2026-01-24 | D18: BOBBOX | E18: movimento | F18: movimento | G18: D | H18: 3 | I18: marcatore del centro | J18: NO | L18: -4.5 | M18: 3.5 | N18: 8 | O18: 0 | P18: -4.5 | Q18: v1
A19: G03_A_cn_sestri | B19: 3 | C19: 2026-01-24 | D19: BOBBY | E19: movimento | F19: movimento | G19: D | H19: 4-5 | I19: mano-buona | J19: SI | K19: 4,5,6 | L19: 32.5 | M19: 43 | N19: 10.5 | O19: 4 | P19: 32.5 | Q19: v1
A20: G03_A_cn_sestri | B20: 3 | C20: 2026-01-24 | D20: CRIVE A. | E20: movimento | F20: movimento | G20: D | H20: 6 | I20: centroboa | J20: SI | K20: 3,4,5,6 | L20: 15 | M20: 19.5 | N20: 4.5 | O20: 2 | P20: 15 | Q20: v1
A21: G03_A_cn_sestri | B21: 3 | C21: 2026-01-24 | D21: CRIVE L. | E21: movimento | F21: movimento | G21: D | H21: 1-2 | I21: mano-cattiva | J21: NO | L21: 11 | M21: 18 | N21: 7 | O21: 2 | P21: 11 | Q21: v1
A22: G03_A_cn_sestri | B22: 3 | C22: 2026-01-24 | D22: DONATO | E22: movimento | F22: movimento | G22: S | H22: 1-2 | I22: mano-cattiva | J22: NO | L22: 16.5 | M22: 23.5 | N22: 7 | O22: 0 | P22: 16.5 | Q22: v1
A23: G03_A_cn_sestri | B23: 3 | C23: 2026-01-24 | D23: GULLO | E23: movimento | F23: movimento | G23: D | H23: 3 | I23: marcatore del centro | J23: SI | K23: 3,6 | L23: 0.5 | M23: 5.5 | N23: 5 | O23: 0 | P23: 0.5 | Q23: v1
A24: G03_A_cn_sestri | B24: 3 | C24: 2026-01-24 | D24: PASQUA | E24: movimento | F24: movimento | G24: D | H24: 1-2 | I24: mano-cattiva | J24: NO | L24: -2 | M24: 1 | N24: 3 | O24: 0 | P24: -2 | Q24: v1
A25: G03_A_cn_sestri | B25: 3 | C25: 2026-01-24 | D25: POPOVIC | E25: movimento | F25: movimento | G25: D | H25: 4-5 | I25: mano-buona | J25: NO | L25: -5 | M25: 0 | N25: 5 | O25: 0 | P25: -5 | Q25: v1
A26: G03_A_cn_sestri | B26: 3 | C26: 2026-01-24 | D26: SOLDI | E26: movimento | F26: movimento | G26: D | H26: 1-2 | I26: mano-cattiva | J26: NO | L26: 6.5 | M26: 6.5 | N26: 0 | O26: 0 | P26: 6.5 | Q26: v1
A27: G03_A_cn_sestri | B27: 3 | C27: 2026-01-24 | D27: STERI | E27: movimento | F27: movimento | G27: D | H27: 6 | I27: centroboa | J27: NO | L27: 4 | M27: 8.5 | N27: 4.5 | O27: 0 | P27: 4 | Q27: v1
A28: G03_A_cn_sestri | B28: 3 | C28: 2026-01-24 | D28: ZENO | E28: movimento | F28: movimento | G28: D | H28: 4-5 | I28: mano-buona | J28: NO | L28: 7 | M28: 20.5 | N28: 13.5 | O28: 4 | P28: 7 | Q28: v1
A29: G03_A_cn_sestri | B29: 3 | C29: 2026-01-24 | D29: LUCA BOLO | E29: portiere | F29: portiere | G29: D | H29: GK | I29: portiere | J29: NO | L29: -3 | M29: 27 | N29: 30 | O29: 0 | P29: -3 | Q29: v1
A30: G03_A_cn_sestri | B30: 3 | C30: 2026-01-24 | D30: SANTA | E30: portiere | F30: portiere | G30: S | H30: GK | I30: portiere | J30: NO | L30: 0 | M30: 0 | N30: 0 | O30: 0 | P30: 0 | Q30: v1
A31: G04_A_sg_andrea_doria | B31: 4 | C31: 2026-01-31 | D31: BIGA | E31: movimento | F31: movimento | G31: D | H31: 4-5 | I31: mano-buona | J31: SI | K31: 1,2,4,5 | L31: -4.5 | M31: 4 | N31: 8.5 | O31: 2 | P31: -4.5 | Q31: v1
A32: G04_A_sg_andrea_doria | B32: 4 | C32: 2026-01-31 | D32: BOBBOX | E32: movimento | F32: movimento | G32: D | H32: 3 | I32: marcatore del centro | J32: NO | L32: 4.5 | M32: 11.5 | N32: 7 | O32: 0 | P32: 4.5 | Q32: v1
A33: G04_A_sg_andrea_doria | B33: 4 | C33: 2026-01-31 | D33: BOBBY | E33: movimento | F33: movimento | G33: D | H33: 4-5 | I33: mano-buona | J33: SI | K33: 4,5,6 | L33: 14 | M33: 20 | N33: 6 | O33: 0 | P33: 14 | Q33: v1
A34: G04_A_sg_andrea_doria | B34: 4 | C34: 2026-01-31 | D34: CRIVE A. | E34: movimento | F34: movimento | G34: D | H34: 6 | I34: centroboa | J34: SI | K34: 3,4,5,6 | L34: 3.5 | M34: 11.5 | N34: 8 | O34: 2 | P34: 3.5 | Q34: v1
A35: G04_A_sg_andrea_doria | B35: 4 | C35: 2026-01-31 | D35: CRIVE L. | E35: movimento | F35: movimento | G35: D | H35: 1-2 | I35: mano-cattiva | J35: NO | L35: 4 | M35: 4 | N35: 0 | O35: 0 | P35: 4 | Q35: v1
A36: G04_A_sg_andrea_doria | B36: 4 | C36: 2026-01-31 | D36: DONATO | E36: movimento | F36: movimento | G36: S | H36: 1-2 | I36: mano-cattiva | J36: NO | L36: 5.5 | M36: 5.5 | N36: 0 | O36: 0 | P36: 5.5 | Q36: v1
A37: G04_A_sg_andrea_doria | B37: 4 | C37: 2026-01-31 | D37: GULLO | E37: movimento | F37: movimento | G37: D | H37: 3 | I37: marcatore del centro | J37: SI | K37: 3,6 | L37: 10.5 | M37: 10.5 | N37: 0 | O37: 0 | P37: 10.5 | Q37: v1
A38: G04_A_sg_andrea_doria | B38: 4 | C38: 2026-01-31 | D38: NOA | E38: movimento | F38: movimento | G38: D | H38: 1-2 | I38: mano-cattiva | J38: NO | L38: 1.5 | M38: 7.5 | N38: 6 | O38: 2 | P38: 1.5 | Q38: v1
A39: G04_A_sg_andrea_doria | B39: 4 | C39: 2026-01-31 | D39: PASQUA | E39: movimento | F39: movimento | G39: D | H39: 1-2 | I39: mano-cattiva | J39: NO | L39: 0 | M39: 0 | N39: 0 | O39: 0 | P39: 0 | Q39: v1
A40: G04_A_sg_andrea_doria | B40: 4 | C40: 2026-01-31 | D40: POPOVIC | E40: movimento | F40: movimento | G40: D | H40: 4-5 | I40: mano-buona | J40: NO | L40: 1 | M40: 5.5 | N40: 4.5 | O40: 2 | P40: 1 | Q40: v1
A41: G04_A_sg_andrea_doria | B41: 4 | C41: 2026-01-31 | D41: SOLDI | E41: movimento | F41: movimento | G41: D | H41: 1-2 | I41: mano-cattiva | J41: NO | L41: -1 | M41: 1 | N41: 2 | O41: 2 | P41: -1 | Q41: v1
A42: G04_A_sg_andrea_doria | B42: 4 | C42: 2026-01-31 | D42: STERI | E42: movimento | F42: movimento | G42: D | H42: 6 | I42: centroboa | J42: NO | L42: 8 | M42: 12 | N42: 4 | O42: 0 | P42: 8 | Q42: v1
A43: G04_A_sg_andrea_doria | B43: 4 | C43: 2026-01-31 | D43: ZENO | E43: movimento | F43: movimento | G43: D | H43: 4-5 | I43: mano-buona | J43: NO | L43: 35 | M43: 45.5 | N43: 10.5 | O43: 2 | P43: 35 | Q43: v1
A44: G04_A_sg_andrea_doria | B44: 4 | C44: 2026-01-31 | D44: LUCA BOLO | E44: portiere | F44: portiere | G44: D | H44: GK | I44: portiere | J44: NO | L44: -7 | M44: 23 | N44: 30 | O44: 0 | P44: -7 | Q44: v1
A45: G04_A_sg_andrea_doria | B45: 4 | C45: 2026-01-31 | D45: SANTA | E45: portiere | F45: portiere | G45: S | H45: GK | I45: portiere | J45: NO | L45: 0 | M45: 0 | N45: 0 | O45: 0 | P45: 0 | Q45: v1
A46: G05_A_busto_pn | B46: 5 | C46: 2026-02-07 | D46: BIGA | E46: movimento | F46: movimento | G46: D | H46: 4-5 | I46: mano-buona | J46: SI | K46: 1,2,4,5 | L46: -0.5 | M46: 8.5 | N46: 9 | O46: 2 | P46: -0.5 | Q46: v1
A47: G05_A_busto_pn | B47: 5 | C47: 2026-02-07 | D47: BOBBOX | E47: movimento | F47: movimento | G47: D | H47: 3 | I47: marcatore del centro | J47: NO | L47: -6.5 | M47: 0 | N47: 6.5 | O47: 2 | P47: -6.5 | Q47: v1
A48: G05_A_busto_pn | B48: 5 | C48: 2026-02-07 | D48: BOBBY | E48: movimento | F48: movimento | G48: D | H48: 4-5 | I48: mano-buona | J48: SI | K48: 4,5,6 | L48: 14 | M48: 21 | N48: 7 | O48: 0 | P48: 14 | Q48: v1
A49: G05_A_busto_pn | B49: 5 | C49: 2026-02-07 | D49: CRIVE A. | E49: movimento | F49: movimento | G49: D | H49: 6 | I49: centroboa | J49: SI | K49: 3,4,5,6 | L49: 12.5 | M49: 14.5 | N49: 2 | O49: 2 | P49: 12.5 | Q49: v1
A50: G05_A_busto_pn | B50: 5 | C50: 2026-02-07 | D50: CRIVE L. | E50: movimento | F50: movimento | G50: D | H50: 1-2 | I50: mano-cattiva | J50: NO | L50: -7.5 | M50: 3.5 | N50: 11 | O50: 4 | P50: -7.5 | Q50: v1
A51: G05_A_busto_pn | B51: 5 | C51: 2026-02-07 | D51: DONATO | E51: movimento | F51: movimento | G51: S | H51: 1-2 | I51: mano-cattiva | J51: NO | L51: 4.5 | M51: 8.5 | N51: 4 | O51: 2 | P51: 4.5 | Q51: v1
A52: G05_A_busto_pn | B52: 5 | C52: 2026-02-07 | D52: GULLO | E52: movimento | F52: movimento | G52: D | H52: 3 | I52: marcatore del centro | J52: SI | K52: 3,6 | L52: 2.5 | M52: 11 | N52: 8.5 | O52: 4 | P52: 2.5 | Q52: v1
A53: G05_A_busto_pn | B53: 5 | C53: 2026-02-07 | D53: NOA | E53: movimento | F53: movimento | G53: D | H53: 1-2 | I53: mano-cattiva | J53: NO | L53: -6 | M53: 0.5 | N53: 6.5 | O53: 2 | P53: -6 | Q53: v1
A54: G05_A_busto_pn | B54: 5 | C54: 2026-02-07 | D54: PASQUA | E54: movimento | F54: movimento | G54: D | H54: 1-2 | I54: mano-cattiva | J54: NO | L54: 0 | M54: 0 | N54: 0 | O54: 0 | P54: 0 | Q54: v1
A55: G05_A_busto_pn | B55: 5 | C55: 2026-02-07 | D55: POPOVIC | E55: movimento | F55: movimento | G55: D | H55: 4-5 | I55: mano-buona | J55: NO | L55: 2.5 | M55: 2.5 | N55: 0 | O55: 0 | P55: 2.5 | Q55: v1
A56: G05_A_busto_pn | B56: 5 | C56: 2026-02-07 | D56: SOLDI | E56: movimento | F56: movimento | G56: D | H56: 1-2 | I56: mano-cattiva | J56: NO | L56: 10.5 | M56: 12.5 | N56: 2 | O56: 0 | P56: 10.5 | Q56: v1
A57: G05_A_busto_pn | B57: 5 | C57: 2026-02-07 | D57: STERI | E57: movimento | F57: movimento | G57: D | H57: 6 | I57: centroboa | J57: NO | L57: 16 | M57: 24 | N57: 8 | O57: 2 | P57: 16 | Q57: v1
A58: G05_A_busto_pn | B58: 5 | C58: 2026-02-07 | D58: ZENO | E58: movimento | F58: movimento | G58: D | H58: 4-5 | I58: mano-buona | J58: NO | L58: 20.5 | M58: 32.5 | N58: 12 | O58: 6 | P58: 20.5 | Q58: v1
A59: G05_A_busto_pn | B59: 5 | C59: 2026-02-07 | D59: LUCA BOLO | E59: portiere | F59: portiere | G59: D | H59: GK | I59: portiere | J59: NO | L59: -19 | M59: 15 | N59: 34 | O59: 4 | P59: -19 | Q59: v1
A60: G05_A_busto_pn | B60: 5 | C60: 2026-02-07 | D60: SANTA | E60: portiere | F60: portiere | G60: S | H60: GK | I60: portiere | J60: NO | L60: 3 | M60: 12 | N60: 9 | O60: 0 | P60: 3 | Q60: v1
A61: G06_A_onda_blu_dalmine | B61: 6 | C61: 2026-02-14 | D61: BOBBOX | E61: movimento | F61: movimento | G61: D | H61: 3 | I61: marcatore del centro | J61: NO | L61: -6.5 | M61: 3 | N61: 9.5 | O61: 0 | P61: -6.5 | Q61: v1
A62: G06_A_onda_blu_dalmine | B62: 6 | C62: 2026-02-14 | D62: BOBBY | E62: movimento | F62: movimento | G62: D | H62: 4-5 | I62: mano-buona | J62: SI | K62: 4,5,6 | L62: 1.5 | M62: 14.5 | N62: 13 | O62: 4 | P62: 1.5 | Q62: v1
A63: G06_A_onda_blu_dalmine | B63: 6 | C63: 2026-02-14 | D63: CRIVE A. | E63: movimento | F63: movimento | G63: D | H63: 6 | I63: centroboa | J63: SI | K63: 3,4,5,6 | L63: 11 | M63: 17 | N63: 6 | O63: 4 | P63: 11 | Q63: v1
A64: G06_A_onda_blu_dalmine | B64: 6 | C64: 2026-02-14 | D64: CRIVE L. | E64: movimento | F64: movimento | G64: D | H64: 1-2 | I64: mano-cattiva | J64: NO | L64: -6 | M64: 0 | N64: 6 | O64: 0 | P64: -6 | Q64: v1
A65: G06_A_onda_blu_dalmine | B65: 6 | C65: 2026-02-14 | D65: DONATO | E65: movimento | F65: movimento | G65: S | H65: 1-2 | I65: mano-cattiva | J65: NO | L65: 6 | M65: 14.5 | N65: 8.5 | O65: 2 | P65: 6 | Q65: v1
A66: G06_A_onda_blu_dalmine | B66: 6 | C66: 2026-02-14 | D66: GULLO | E66: movimento | F66: movimento | G66: D | H66: 3 | I66: marcatore del centro | J66: SI | K66: 3,6 | L66: -11 | M66: 2.5 | N66: 13.5 | O66: 2 | P66: -11 | Q66: v1
A67: G06_A_onda_blu_dalmine | B67: 6 | C67: 2026-02-14 | D67: PASQUA | E67: movimento | F67: movimento | G67: D | H67: 1-2 | I67: mano-cattiva | J67: NO | L67: -2 | M67: 0 | N67: 2 | O67: 2 | P67: -2 | Q67: v1
A68: G06_A_onda_blu_dalmine | B68: 6 | C68: 2026-02-14 | D68: POPOVIC | E68: movimento | F68: movimento | G68: D | H68: 4-5 | I68: mano-buona | J68: NO | L68: -5 | M68: 1.5 | N68: 6.5 | O68: 2 | P68: -5 | Q68: v1
A69: G06_A_onda_blu_dalmine | B69: 6 | C69: 2026-02-14 | D69: SOLDI | E69: movimento | F69: movimento | G69: D | H69: 1-2 | I69: mano-cattiva | J69: NO | L69: -7 | M69: 0 | N69: 7 | O69: 2 | P69: -7 | Q69: v1
A70: G06_A_onda_blu_dalmine | B70: 6 | C70: 2026-02-14 | D70: STERI | E70: movimento | F70: movimento | G70: D | H70: 6 | I70: centroboa | J70: NO | L70: 11.5 | M70: 22 | N70: 10.5 | O70: 2 | P70: 11.5 | Q70: v1
A71: G06_A_onda_blu_dalmine | B71: 6 | C71: 2026-02-14 | D71: ZENO | E71: movimento | F71: movimento | G71: D | H71: 4-5 | I71: mano-buona | J71: NO | L71: 11 | M71: 25.5 | N71: 14.5 | O71: 6 | P71: 11 | Q71: v1
A72: G06_A_onda_blu_dalmine | B72: 6 | C72: 2026-02-14 | D72: LUCA BOLO | E72: portiere | F72: portiere | G72: D | H72: GK | I72: portiere | J72: NO | L72: -9 | M72: 17 | N72: 26 | O72: 2 | P72: -9 | Q72: v1
A73: G06_A_onda_blu_dalmine | B73: 6 | C73: 2026-02-14 | D73: SANTA | E73: portiere | F73: portiere | G73: S | H73: GK | I73: portiere | J73: NO | L73: -9 | M73: 6 | N73: 15 | O73: 0 | P73: -9 | Q73: v1
A74: G07_A_bocconi_sport_team | B74: 7 | C74: 2026-02-21 | D74: BIGA | E74: movimento | F74: movimento | G74: D | H74: 4-5 | I74: mano-buona | J74: SI | K74: 1,2,4,5 | L74: -2.5 | M74: 3.5 | N74: 6 | O74: 4 | P74: -2.5 | Q74: v1
A75: G07_A_bocconi_sport_team | B75: 7 | C75: 2026-02-21 | D75: BOBBOX | E75: movimento | F75: movimento | G75: D | H75: 3 | I75: marcatore del centro | J75: NO | L75: 3 | M75: 9 | N75: 6 | O75: 4 | P75: 3 | Q75: v1
A76: G07_A_bocconi_sport_team | B76: 7 | C76: 2026-02-21 | D76: BOBBY | E76: movimento | F76: movimento | G76: D | H76: 4-5 | I76: mano-buona | J76: SI | K76: 4,5,6 | L76: 16 | M76: 24.5 | N76: 8.5 | O76: 4 | P76: 16 | Q76: v1
A77: G07_A_bocconi_sport_team | B77: 7 | C77: 2026-02-21 | D77: CRIVE A. | E77: movimento | F77: movimento | G77: D | H77: 6 | I77: centroboa | J77: SI | K77: 3,4,5,6 | L77: -4.5 | M77: 8.5 | N77: 13 | O77: 6 | P77: -4.5 | Q77: v1
A78: G07_A_bocconi_sport_team | B78: 7 | C78: 2026-02-21 | D78: CRIVE L. | E78: movimento | F78: movimento | G78: D | H78: 1-2 | I78: mano-cattiva | J78: NO | L78: 8.5 | M78: 16.5 | N78: 8 | O78: 2 | P78: 8.5 | Q78: v1
A79: G07_A_bocconi_sport_team | B79: 7 | C79: 2026-02-21 | D79: DONATO | E79: movimento | F79: movimento | G79: S | H79: 1-2 | I79: mano-cattiva | J79: NO | L79: 12.5 | M79: 16.5 | N79: 4 | O79: 2 | P79: 12.5 | Q79: v1
A80: G07_A_bocconi_sport_team | B80: 7 | C80: 2026-02-21 | D80: GULLO | E80: movimento | F80: movimento | G80: D | H80: 3 | I80: marcatore del centro | J80: SI | K80: 3,6 | L80: 18 | M80: 29.5 | N80: 11.5 | O80: 2 | P80: 18 | Q80: v1
A81: G07_A_bocconi_sport_team | B81: 7 | C81: 2026-02-21 | D81: PASQUA | E81: movimento | F81: movimento | G81: D | H81: 1-2 | I81: mano-cattiva | J81: NO | L81: 0 | M81: 0 | N81: 0 | O81: 0 | P81: 0 | Q81: v1
A82: G07_A_bocconi_sport_team | B82: 7 | C82: 2026-02-21 | D82: POPOVIC | E82: movimento | F82: movimento | G82: D | H82: 4-5 | I82: mano-buona | J82: NO | L82: 0.5 | M82: 6.5 | N82: 6 | O82: 4 | P82: 0.5 | Q82: v1
A83: G07_A_bocconi_sport_team | B83: 7 | C83: 2026-02-21 | D83: SOLDI | E83: movimento | F83: movimento | G83: D | H83: 1-2 | I83: mano-cattiva | J83: NO | L83: 8 | M83: 8 | N83: 0 | O83: 0 | P83: 8 | Q83: v1
A84: G07_A_bocconi_sport_team | B84: 7 | C84: 2026-02-21 | D84: STERI | E84: movimento | F84: movimento | G84: D | H84: 6 | I84: centroboa | J84: NO | L84: -3.5 | M84: 0.5 | N84: 4 | O84: 2 | P84: -3.5 | Q84: v1
A85: G07_A_bocconi_sport_team | B85: 7 | C85: 2026-02-21 | D85: ZENO | E85: movimento | F85: movimento | G85: D | H85: 4-5 | I85: mano-buona | J85: NO | L85: 2 | M85: 19 | N85: 17 | O85: 4 | P85: 2 | Q85: v1
A86: G07_A_bocconi_sport_team | B86: 7 | C86: 2026-02-21 | D86: LUCA BOLO | E86: portiere | F86: portiere | G86: D | H86: GK | I86: portiere | J86: NO | L86: 6 | M86: 39 | N86: 33 | O86: 0 | P86: 6 | Q86: v1
A87: G07_A_bocconi_sport_team | B87: 7 | C87: 2026-02-21 | D87: SANTA | E87: portiere | F87: portiere | G87: S | H87: GK | I87: portiere | J87: NO | L87: 0 | M87: 0 | N87: 0 | O87: 0 | P87: 0 | Q87: v1
A88: G08_A_pn_como | B88: 8 | C88: 2026-02-28 | D88: BIGA | E88: movimento | F88: movimento | G88: D | H88: 4-5 | I88: mano-buona | J88: SI | K88: 1,2,4,5 | L88: 16 | M88: 20 | N88: 4 | O88: 0 | P88: 16 | Q88: v1
A89: G08_A_pn_como | B89: 8 | C89: 2026-02-28 | D89: BOBBOX | E89: movimento | F89: movimento | G89: D | H89: 3 | I89: marcatore del centro | J89: NO | L89: -4.5 | M89: 0 | N89: 4.5 | O89: 2 | P89: -4.5 | Q89: v1
A90: G08_A_pn_como | B90: 8 | C90: 2026-02-28 | D90: BOBBY | E90: movimento | F90: movimento | G90: D | H90: 4-5 | I90: mano-buona | J90: SI | K90: 4,5,6 | L90: -3 | M90: 9 | N90: 12 | O90: 4 | P90: -3 | Q90: v1
A91: G08_A_pn_como | B91: 8 | C91: 2026-02-28 | D91: CRIVE A. | E91: movimento | F91: movimento | G91: D | H91: 6 | I91: centroboa | J91: SI | K91: 3,4,5,6 | L91: 20.5 | M91: 27 | N91: 6.5 | O91: 2 | P91: 20.5 | Q91: v1
A92: G08_A_pn_como | B92: 8 | C92: 2026-02-28 | D92: CRIVE L. | E92: movimento | F92: movimento | G92: D | H92: 1-2 | I92: mano-cattiva | J92: NO | L92: 15.5 | M92: 22.5 | N92: 7 | O92: 0 | P92: 15.5 | Q92: v1
A93: G08_A_pn_como | B93: 8 | C93: 2026-02-28 | D93: DONATO | E93: movimento | F93: movimento | G93: S | H93: 1-2 | I93: mano-cattiva | J93: NO | L93: -4 | M93: 0 | N93: 4 | O93: 0 | P93: -4 | Q93: v1
A94: G08_A_pn_como | B94: 8 | C94: 2026-02-28 | D94: GULLO | E94: movimento | F94: movimento | G94: D | H94: 3 | I94: marcatore del centro | J94: SI | K94: 3,6 | L94: 6.5 | M94: 19.5 | N94: 13 | O94: 4 | P94: 6.5 | Q94: v1
A95: G08_A_pn_como | B95: 8 | C95: 2026-02-28 | D95: NOA | E95: movimento | F95: movimento | G95: D | H95: 1-2 | I95: mano-cattiva | J95: NO | L95: 18.5 | M95: 20.5 | N95: 2 | O95: 0 | P95: 18.5 | Q95: v1
A96: G08_A_pn_como | B96: 8 | C96: 2026-02-28 | D96: POPOVIC | E96: movimento | F96: movimento | G96: D | H96: 4-5 | I96: mano-buona | J96: NO | L96: 9.5 | M96: 11.5 | N96: 2 | O96: 2 | P96: 9.5 | Q96: v1
A97: G08_A_pn_como | B97: 8 | C97: 2026-02-28 | D97: SOLDI | E97: movimento | F97: movimento | G97: D | H97: 1-2 | I97: mano-cattiva | J97: NO | L97: -1.5 | M97: 0.5 | N97: 2 | O97: 2 | P97: -1.5 | Q97: v1
A98: G08_A_pn_como | B98: 8 | C98: 2026-02-28 | D98: STERI | E98: movimento | F98: movimento | G98: D | H98: 6 | I98: centroboa | J98: NO | L98: -2 | M98: 0 | N98: 2 | O98: 0 | P98: -2 | Q98: v1
A99: G08_A_pn_como | B99: 8 | C99: 2026-02-28 | D99: ZENO | E99: movimento | F99: movimento | G99: D | H99: 4-5 | I99: mano-buona | J99: NO | L99: 10 | M99: 16 | N99: 6 | O99: 4 | P99: 10 | Q99: v1
A100: G08_A_pn_como | B100: 8 | C100: 2026-02-28 | D100: FRANCHI | E100: portiere | F100: portiere | G100: D | H100: GK | I100: portiere | J100: NO | L100: 0 | M100: 0 | N100: 0 | O100: 0 | P100: 0 | Q100: v1
...

Sheet Metodo
A1: Voce | B1: Dettaglio
A2: Dataset risultati | B2: 18 partite di stagione ricostruite dal calendario HTML.
